rndindex,playstate,timeCount,tilex,tiley,angle,health,ammo,score,x,y
1,0,4,8,1,270,100,8,0,557056,98304
2,0,8,8,1,270,100,8,0,557056,98304
3,0,12,8,1,270,100,8,0,557056,98304
4,0,16,8,1,270,100,8,0,557056,98304
5,0,20,8,1,270,100,8,0,557056,98304
6,0,24,8,1,270,100,8,0,557056,98304
7,0,28,8,1,270,100,8,0,557056,98304
8,0,32,8,1,278,100,8,0,557139,98898
9,0,36,8,1,288,100,8,0,557139,98898
10,0,40,8,1,303,100,8,0,557139,98898
11,0,44,8,1,315,100,8,0,557139,98898
13,0,48,8,1,329,100,8,0,556797,98692
14,0,52,8,1,339,100,8,0,556797,98692
15,0,56,8,1,346,100,8,0,556797,98692
16,0,60,8,1,353,100,8,0,556797,98692
17,0,64,8,1,0,100,8,0,556797,98692
18,0,68,8,1,7,100,8,0,556797,98692
19,0,72,8,1,14,100,8,0,556797,98692
20,0,76,8,1,14,100,8,0,557961,98402
22,0,80,8,1,14,100,8,0,576590,93758
23,0,84,9,1,13,100,8,0,612251,93758
24,0,88,9,1,12,100,8,0,650398,93758
25,0,92,10,1,12,100,8,0,686784,93758
26,0,96,10,1,12,100,8,0,716128,93758
27,0,100,11,1,12,100,8,0,748993,93758
28,0,104,11,1,12,100,8,0,777163,93758
29,0,108,12,1,11,100,8,0,808378,93758
30,0,112,12,1,8,100,8,0,839868,89333
31,0,116,13,1,4,100,8,0,867400,89333
32,0,120,13,1,354,100,8,0,898428,92594
33,0,124,13,1,335,100,8,0,900603,93608
34,0,128,13,1,315,100,8,0,897775,90780
35,0,132,13,1,295,100,8,0,894733,90780
37,0,136,13,1,275,100,8,0,893862,90780
38,0,140,13,1,255,100,8,0,894793,90780
39,0,144,13,1,239,100,8,0,894793,90780
40,0,148,13,1,223,100,8,0,894793,90780
41,0,152,13,1,214,100,8,0,895456,90333
42,0,156,13,1,207,100,8,0,897594,89244
43,0,160,13,1,200,100,8,0,897594,89244
44,0,164,13,1,193,100,8,0,897594,89244
45,0,168,13,1,186,100,8,0,897594,89244
46,0,172,13,1,186,100,8,0,897594,89244
47,0,176,13,1,186,100,8,0,873726,91752
48,0,180,12,1,185,100,8,0,847427,94052
49,0,184,12,1,185,100,8,0,825312,95986
50,0,188,12,1,185,100,8,0,802599,97972
51,0,192,11,1,184,100,8,0,778060,99687
52,0,196,11,1,184,100,8,0,754718,101319
53,0,200,11,1,183,100,8,0,730751,102574
54,0,204,10,1,182,100,8,0,706766,103411
55,0,208,10,1,180,100,8,0,679167,103411
56,0,212,9,1,179,100,8,0,653971,102972
57,0,216,9,1,178,100,8,0,625789,101988
59,0,220,9,1,177,100,8,0,600624,100670
60,0,224,8,1,177,100,8,0,573062,99226
61,0,228,8,1,177,100,8,0,548496,97939
62,0,232,7,1,177,100,8,0,522732,96590
63,0,236,7,1,177,100,8,0,497567,95272
64,0,240,7,1,177,100,8,0,473600,94017
65,0,244,6,1,177,100,8,0,448435,92699
67,0,248,6,1,177,100,8,0,425068,91475
68,0,252,6,1,177,100,8,0,398705,90094
69,0,256,5,1,177,100,8,0,372941,88745
70,0,260,5,1,177,100,8,0,342384,88745
71,0,264,4,1,177,100,8,0,309430,88745
72,0,268,4,1,177,100,16,0,278873,88745
73,0,272,3,1,177,100,16,0,242324,88745
74,0,276,3,1,177,100,24,0,211767,88745
75,0,280,3,1,177,100,24,0,199784,88118
76,0,284,2,1,177,100,24,0,194392,88118
77,0,288,3,1,177,100,24,0,208372,88850
78,0,292,3,1,177,100,24,0,230341,90001
79,0,296,3,1,177,100,24,0,260299,91570
80,0,300,4,1,185,100,24,0,300146,88085
81,0,304,5,1,194,100,24,0,338181,88085
82,0,308,5,1,203,100,24,0,375001,88085
84,0,312,6,1,211,100,24,0,405858,88085
85,0,316,6,1,222,100,24,0,435583,88085
86,0,320,6,1,233,100,24,0,456044,88085
87,0,324,7,1,244,100,24,0,466564,88085
88,0,328,7,1,259,100,24,0,470990,88085
89,0,332,7,1,271,100,24,0,470704,88085
90,0,336,7,1,285,100,24,0,466978,88085
91,0,340,7,1,297,100,24,0,460623,88085
92,0,344,6,1,306,100,24,0,452395,88085
93,0,348,6,1,306,100,24,0,455216,91968
94,0,352,7,1,306,100,24,0,459095,97307
95,0,356,7,1,301,100,24,0,464966,107078
97,0,360,7,1,298,100,24,0,468064,107078
98,0,364,7,1,294,100,24,0,471236,107078
99,0,368,7,1,293,100,24,0,474283,107078
100,0,372,7,1,293,100,24,0,476158,107078
101,0,376,7,1,293,100,24,0,479674,107078
102,0,380,7,1,293,100,24,0,482252,113153
103,0,384,7,1,293,100,24,0,486940,124199
104,0,388,7,2,292,100,24,0,491660,135881
105,0,392,7,2,292,100,24,0,493008,139218
106,0,396,7,2,292,100,24,0,494131,141999
107,0,400,7,2,292,100,24,0,494131,141999
108,0,404,7,2,292,100,24,0,494131,141999
109,0,408,7,2,292,100,24,0,494131,141999
110,0,412,7,2,292,100,24,0,494131,141999
111,0,416,7,2,299,100,24,0,493938,141650
112,0,420,7,2,307,100,24,0,493938,141650
113,0,424,7,2,316,100,24,0,493938,141650
115,0,428,7,2,319,100,24,0,493938,141650
116,0,432,7,2,321,100,24,0,493938,141650
117,0,436,7,2,321,100,24,0,493938,141650
118,0,440,7,2,321,100,24,0,493938,141650
119,0,444,7,2,322,100,24,0,493938,141650
120,0,448,7,2,330,100,24,0,493938,141650
121,0,452,7,2,336,100,24,0,493938,141650
123,0,456,7,2,338,100,24,0,493938,141650
124,0,460,7,2,338,100,24,0,493938,141650
125,0,464,7,2,338,100,24,0,492803,147662
126,0,468,7,2,338,100,24,0,488157,170374
127,0,472,7,2,338,100,24,0,483982,185511
131,0,476,7,3,338,100,24,0,484538,201867
135,0,480,7,3,338,100,24,0,482291,207430
139,0,484,7,3,338,100,24,0,482291,207430
142,0,488,7,3,338,100,24,0,482291,207430
145,0,492,7,3,338,100,24,0,484538,201867
148,0,496,7,2,338,100,24,0,494202,177947
150,0,500,7,2,338,100,24,0,503748,155919
151,0,504,7,2,338,100,24,0,508917,143125
152,0,508,7,2,338,100,24,0,508917,143125
153,0,512,7,2,327,100,24,0,507576,142254
154,0,516,7,1,312,100,24,0,491250,124122
155,0,520,7,1,292,100,24,0,476866,88519
156,0,524,7,1,282,100,24,0,470962,88519
158,0,528,7,1,276,100,24,0,467492,88519
160,0,532,7,1,273,100,24,0,465902,88519
163,0,536,7,1,273,100,24,0,465065,88519
165,0,540,7,1,273,100,24,0,465065,88519
167,0,544,7,1,273,100,24,0,465065,88519
169,0,548,7,1,273,100,24,0,465065,88519
171,0,552,7,1,273,100,24,0,465378,94510
173,0,556,7,1,286,100,24,0,463835,89127
176,0,560,7,1,299,100,24,0,462672,89127
181,0,564,6,1,319,100,24,0,454522,89127
182,0,568,6,1,332,100,24,0,446046,89127
184,0,572,6,1,343,100,24,0,411620,89127
185,0,576,5,1,349,100,24,0,372356,89127
186,0,580,5,1,351,100,24,0,338380,89127
187,0,584,4,1,351,100,24,0,298873,89127
188,0,588,4,1,351,100,24,0,268453,89127
189,0,592,3,1,351,100,24,0,254626,89127
190,0,596,3,1,351,100,24,0,240799,89127
191,0,600,3,1,351,100,24,0,226972,89127
192,0,604,3,1,351,100,24,0,213145,89127
194,0,608,3,1,349,100,24,0,216678,89813
196,0,612,3,1,349,100,24,0,223745,91186
198,0,616,3,1,349,100,24,0,244947,95307
200,0,620,3,1,349,100,24,0,255548,97367
204,0,624,4,1,350,100,24,0,265592,99138
206,0,628,4,1,351,100,24,0,269147,99701
209,0,632,4,1,353,100,24,0,280461,101090
211,0,636,4,1,353,100,24,0,295944,102990
215,0,640,4,1,353,100,23,0,301899,103721
217,0,644,4,1,354,100,23,0,305479,104097
220,0,648,4,1,354,100,23,0,306672,104222
222,0,652,4,1,354,100,23,0,306672,104222
225,0,656,4,1,356,100,23,0,305475,104139
229,0,660,4,1,358,100,23,0,300279,103958
233,0,664,4,1,358,100,23,0,300279,103958
236,0,668,4,1,358,100,22,0,299880,103945
237,0,672,4,1,358,100,22,0,299880,103945
240,0,676,4,1,358,100,22,0,297882,103876
243,0,680,4,1,358,100,22,0,295484,103793
246,0,684,4,1,358,100,22,0,293086,103710
249,0,688,4,1,358,100,22,0,292287,103683
251,0,692,4,1,358,100,22,0,292287,103683
254,0,696,4,1,358,100,21,400,294085,103745
0,0,700,4,1,358,100,21,400,294684,103765
2,0,704,4,1,358,100,21,400,294684,103765
3,0,708,4,1,358,100,21,400,294684,103765
4,0,712,4,1,358,100,21,400,295883,103806
5,0,716,4,1,358,100,21,400,299480,103931
6,0,720,4,1,358,100,21,400,301278,103993
8,0,724,4,1,358,100,20,400,301278,103993
10,0,728,4,1,358,100,20,400,301877,104013
11,0,732,4,1,358,100,20,400,303076,104054
14,0,736,4,1,358,100,20,400,309072,104263
16,0,740,4,1,358,100,20,400,312070,104367
18,0,744,4,1,358,100,20,400,313868,104429
19,0,748,4,1,358,100,20,400,313868,104429
22,0,752,4,1,358,100,19,400,313868,104429
25,0,756,4,1,358,100,19,400,313868,104429
27,0,760,4,1,359,100,19,400,313868,104429
29,0,764,4,1,359,100,19,400,313868,104429
31,0,768,4,1,359,100,19,400,313868,104429
33,0,772,4,1,359,100,19,400,313868,104429
35,0,776,4,1,359,100,19,400,313868,104429
38,0,780,4,1,359,100,19,400,314467,104439
41,0,784,4,1,359,100,19,400,315066,104449
42,0,788,4,1,0,100,19,400,315665,104449
44,0,792,4,1,0,100,19,400,315665,104449
47,0,796,4,1,0,100,18,400,316264,104449
49,0,800,4,1,0,100,18,400,316863,104449
51,0,804,4,1,0,100,18,400,317462,104449
53,0,808,4,1,0,100,18,400,317462,104449
56,0,812,4,1,0,100,18,400,317462,104449
58,0,816,4,1,0,100,18,400,317462,104449
60,0,820,4,1,0,100,18,400,317462,104449
62,0,824,4,1,0,100,18,400,317462,104449
64,0,828,4,1,1,100,18,400,318061,104439
66,0,832,4,1,1,100,17,400,318061,104439
69,0,836,4,1,1,100,17,400,318660,104429
71,0,840,4,1,1,100,17,400,318660,104429
75,0,844,4,1,1,100,17,400,318660,104429
77,0,848,4,1,1,100,17,400,318660,104429
78,0,852,4,1,2,100,17,400,319259,104409
80,0,856,4,1,3,100,17,400,322254,104253
83,0,860,4,1,3,100,16,400,322254,104253
84,0,864,4,1,3,100,16,400,322254,104253
86,0,868,4,1,3,100,16,400,322254,104253
89,0,872,4,1,3,100,16,400,322254,104253
90,0,876,4,1,3,100,16,400,322254,104253
92,0,880,4,1,3,100,16,400,322254,104253
95,0,884,4,1,3,100,16,400,322254,104253
99,0,888,4,1,3,100,15,400,322254,104253
101,0,892,4,1,3,100,15,400,322254,104253
104,0,896,4,1,3,100,15,400,322254,104253
108,0,900,4,1,3,100,15,400,322254,104253
112,0,904,4,1,3,100,15,400,322254,104253
114,0,908,4,1,3,100,15,400,322254,104253
119,0,912,4,1,3,100,15,400,322254,104253
125,0,916,4,1,3,100,15,400,322254,104253
129,0,920,4,1,3,100,14,400,322254,104253
133,0,924,4,1,3,100,14,400,322254,104253
136,0,928,4,1,3,100,14,400,322254,104253
141,0,932,4,1,3,100,14,400,322254,104253
145,0,936,4,1,3,100,14,400,322254,104253
149,0,940,4,1,3,100,14,400,322254,104253
157,0,944,4,1,3,100,14,400,322254,104253
160,0,948,4,1,3,100,13,800,322254,104253
162,0,952,4,1,3,100,13,800,322254,104253
165,0,956,4,1,3,100,13,800,322254,104253
166,0,960,4,1,3,100,13,800,322254,104253
168,0,964,4,1,3,100,13,800,322254,104253
170,0,968,4,1,3,100,13,800,322254,104253
174,0,972,4,1,3,100,13,800,322254,104253
180,0,976,4,1,3,100,12,800,322853,104222
182,0,980,4,1,3,100,12,800,327047,104003
184,0,984,5,1,3,100,12,800,339030,103376
186,0,988,5,1,3,100,12,800,348017,102906
188,0,992,5,1,3,100,12,800,357603,102404
190,0,996,5,1,3,100,12,800,362396,102153
193,0,1000,5,1,3,100,12,800,369586,101777
197,0,1004,5,1,3,100,11,800,370784,101715
198,0,1008,5,1,3,100,11,800,370784,101715
200,0,1012,5,1,3,100,11,800,370784,101715
202,0,1016,5,1,3,100,11,800,370385,101735
204,0,1020,5,1,3,100,11,800,369187,101797
206,0,1024,5,1,3,100,11,800,361598,102194
209,0,1028,5,1,3,100,11,800,357604,102403
210,0,1032,5,1,3,100,11,800,353211,102633
212,0,1036,5,1,3,100,10,800,349616,102821
213,0,1040,5,1,3,100,10,800,349217,102841
217,0,1044,5,1,3,70,10,800,349217,102841
220,0,1048,5,1,3,70,10,800,349217,102841
222,0,1052,5,1,3,70,10,800,349217,102841
225,0,1056,5,1,3,70,10,800,348419,102882
226,0,1060,5,1,2,70,10,800,345221,102993
229,0,1064,5,1,2,70,9,1200,344022,103034
231,0,1068,5,1,2,70,9,1200,343623,103047
232,0,1072,5,1,2,70,9,1200,343623,103047
233,0,1076,5,1,2,70,9,1200,343623,103047
234,0,1080,5,1,2,70,9,1200,343623,103047
237,0,1084,5,1,2,70,9,1200,344222,103027
239,0,1088,5,1,2,70,9,1200,344821,103007
242,0,1092,5,1,2,70,8,1200,344821,103007
244,0,1096,5,1,2,70,8,1200,345420,102987
248,0,1100,5,1,2,70,8,1200,345420,102987
250,0,1104,5,1,2,70,8,1200,345420,102987
253,0,1108,5,1,2,70,8,1200,345420,102987
0,0,1112,5,1,2,70,8,1200,345420,102987
3,0,1116,5,1,2,70,8,1200,345420,102987
6,0,1120,5,1,2,70,7,1600,345420,102987
7,0,1124,5,1,2,70,7,1600,345420,102987
10,0,1128,5,1,2,70,7,1600,345420,102987
12,0,1132,5,1,2,70,7,1600,345420,102987
13,0,1136,5,1,2,70,7,1600,345420,102987
14,0,1140,5,1,2,70,7,1600,345420,102987
16,0,1144,5,1,2,70,7,1600,345420,102987
18,0,1148,5,1,2,70,6,1600,346019,102967
20,0,1152,5,1,2,70,6,1600,346618,102947
22,0,1156,5,1,2,70,6,1600,346618,102947
24,0,1160,5,1,2,70,6,1600,346618,102947
25,0,1164,5,1,2,70,6,1600,346618,102947
28,0,1168,5,1,2,70,6,1600,346618,102947
30,0,1172,5,1,2,70,6,1600,346618,102947
32,0,1176,5,1,2,70,5,2000,346618,102947
34,0,1180,5,1,2,70,5,2000,346618,102947
35,0,1184,5,1,2,70,5,2000,346618,102947
37,0,1188,5,1,2,70,5,2000,346618,102947
38,0,1192,5,1,2,70,5,2000,346618,102947
39,0,1196,5,1,2,70,5,2000,346618,102947
40,0,1200,5,1,2,70,5,2000,346618,102947
41,0,1204,5,1,2,70,4,2000,346618,102947
42,0,1208,5,1,2,70,4,2000,346618,102947
43,0,1212,5,1,2,70,4,2000,349016,102864
45,0,1216,5,1,2,70,4,2000,369403,102153
46,0,1220,6,1,2,70,12,2000,403582,100960
47,0,1224,6,1,2,70,12,2000,429366,100060
49,0,1228,7,1,2,70,24,2000,468342,98700
51,0,1232,7,1,2,70,24,2000,492327,97863
53,0,1236,7,1,2,70,24,2000,523507,96775
57,0,1240,8,1,2,70,24,2000,538497,96252
59,0,1244,8,1,2,70,24,2000,551089,95813
60,0,1248,8,1,2,70,24,2000,558284,95562
62,0,1252,9,1,2,70,24,2000,603311,93990
64,0,1256,9,1,2,70,24,2000,648338,92418
67,0,1260,10,1,2,70,24,2000,691511,90911
68,0,1264,11,1,2,70,24,2000,734084,89425
69,0,1268,11,1,2,70,24,2000,776058,89425
70,0,1272,12,1,2,70,24,2000,818032,89425
71,0,1276,13,1,2,95,24,2000,860006,89425
72,0,1280,13,1,2,100,24,2000,901980,89425
73,0,1284,14,1,2,100,24,2000,943954,89425
74,0,1288,14,1,2,100,24,2000,943954,89425
75,0,1292,14,1,2,100,24,2000,943954,89425
76,0,1296,14,1,359,100,24,2000,943954,89770
77,0,1300,14,1,340,100,24,2000,927792,89770
79,0,1304,13,1,320,100,24,2000,903279,89770
80,0,1308,13,1,300,100,24,2000,883280,89770
81,0,1312,13,1,280,100,24,2000,876682,89770
82,0,1316,13,1,260,100,24,2000,883627,89770
84,0,1320,13,1,240,100,24,2000,893226,89770
85,0,1324,13,1,220,100,24,2000,902418,89770
86,0,1328,13,1,205,100,24,2000,902418,89770
87,0,1332,13,1,194,100,24,2000,906687,88706
88,0,1336,13,1,194,100,24,2000,906687,88706
89,0,1340,13,1,194,100,24,2000,906687,88706
90,0,1344,13,1,194,100,24,2000,865935,98866
91,0,1348,12,1,194,100,24,2000,825765,98866
92,0,1352,11,1,196,100,24,2000,785393,98866
93,0,1356,11,1,198,100,24,2000,742544,98866
94,0,1360,10,1,202,100,24,2000,700771,98866
95,0,1364,10,1,205,100,24,2000,694246,101908
97,0,1368,10,1,210,100,24,2000,683854,107907
100,0,1372,10,1,217,100,24,2000,671875,107907
103,0,1376,10,1,221,100,24,2000,663725,107907
105,0,1380,9,1,230,100,24,2000,653313,107907
108,0,1384,9,1,236,100,24,2000,647274,107907
111,0,1388,9,1,242,100,24,2000,639951,107907
113,0,1392,9,1,244,100,24,2000,633376,107907
116,0,1396,9,1,245,100,24,2000,629319,107907
118,0,1400,9,1,245,100,24,2000,627291,112257
121,0,1404,9,1,245,100,24,2000,631686,102832
124,0,1408,9,1,244,100,24,2000,643785,102832
126,0,1412,9,1,244,100,24,2000,649922,90249
130,0,1416,9,1,245,100,23,2000,655162,90249
133,0,1420,10,1,245,100,23,2000,656514,90249
137,0,1424,10,1,245,100,23,2000,656514,90249
140,0,1428,10,1,245,100,23,2000,658204,90249
142,0,1432,10,1,245,100,23,2000,660401,90249
145,0,1436,10,1,242,100,23,2000,665283,90249
149,0,1440,10,1,234,100,23,2000,673982,90249
152,0,1444,10,1,232,100,22,2400,677675,90249
155,0,1448,10,1,232,100,22,2400,677675,90249
157,0,1452,10,1,232,100,22,2400,677675,90249
160,0,1456,10,1,232,100,22,2400,679645,90249
162,0,1460,10,1,230,100,22,2400,684272,90249
164,0,1464,10,1,225,100,22,2400,693605,90249
166,0,1468,10,1,218,100,22,2400,705897,90249
168,0,1472,10,1,216,100,21,2400,710751,90249
170,0,1476,10,1,216,100,21,2400,711721,89544
172,0,1480,10,1,216,100,21,2400,711721,89544
177,0,1484,10,1,216,100,21,2400,712691,88839
179,0,1488,10,1,216,100,21,2400,714632,88839
181,0,1492,11,1,211,100,21,2400,723889,88839
182,0,1496,11,1,205,100,21,2400,734764,88839
184,0,1500,11,1,194,100,20,2400,750676,88839
186,0,1504,11,1,193,100,20,2400,760419,88839
188,0,1508,11,1,193,100,20,2400,760808,88750
191,0,1512,11,1,193,100,20,2400,760808,88750
192,0,1516,11,1,193,100,20,2400,760808,88750
195,0,1520,11,1,193,100,20,2400,760808,88750
197,0,1524,11,1,193,100,20,2400,757885,89424
199,0,1528,11,1,192,100,20,2400,760232,88926
201,0,1532,11,1,188,100,20,2400,769342,88926
203,0,1536,11,1,182,100,20,2400,782533,88466
205,0,1540,11,1,182,100,19,2400,784531,88397
206,0,1544,11,1,182,100,19,2400,784531,88397
208,0,1548,11,1,182,100,19,2400,784531,88397
210,0,1552,11,1,182,100,19,2400,784531,88397
212,0,1556,11,1,182,100,19,2400,784531,88397
215,0,1560,11,1,182,100,19,2400,784531,88397
217,0,1564,11,1,182,100,19,2400,783332,88438
219,0,1568,11,1,182,100,18,2800,776737,88668
220,0,1572,11,1,182,100,18,2800,773739,88772
221,0,1576,11,1,182,100,18,2800,771941,88834
222,0,1580,11,1,182,100,18,2800,771342,88854
223,0,1584,11,1,182,100,18,2800,770743,88874
225,0,1588,11,1,183,100,18,2800,767748,89030
226,0,1592,11,1,183,100,18,2800,765352,89155
228,0,1596,11,1,184,100,17,2800,757572,89699
230,0,1600,11,1,187,100,17,2800,745067,91234
231,0,1604,11,1,193,100,17,2800,722852,96362
232,0,1608,10,1,197,100,17,2800,708508,100747
233,0,1612,10,1,203,100,17,2800,691387,108014
234,0,1616,10,1,206,100,17,2800,682759,108014
235,0,1620,10,1,207,100,17,2800,680086,108014
236,0,1624,10,1,207,100,17,2800,680086,108014
237,0,1628,10,1,206,100,17,2800,683681,106261
239,0,1632,10,1,204,100,16,2800,688431,104147
240,0,1636,10,1,204,100,16,2800,688796,103985
243,0,1640,10,1,204,100,16,2800,688796,103985
245,0,1644,10,1,204,100,16,2800,688796,103985
246,0,1648,10,1,204,100,16,2800,688796,103985
248,0,1652,10,1,204,100,16,2800,688796,103985
250,0,1656,10,1,204,100,16,2800,688248,104229
252,0,1660,10,1,204,100,15,2800,687700,104473
254,0,1664,10,1,204,100,15,2800,685508,105449
0,0,1668,10,1,205,100,15,2800,682246,106970
3,0,1672,10,1,208,100,15,2800,682246,106970
5,0,1676,10,1,211,100,15,2800,682246,106970
7,0,1680,10,1,216,100,15,2800,682246,106970
8,0,1684,10,1,221,100,15,2800,682246,106970
10,0,1688,10,1,224,100,15,2800,682246,106970
14,0,1692,10,1,226,100,14,2800,682246,106970
17,0,1696,10,1,226,100,14,2800,681413,107833
20,0,1700,10,1,226,100,14,2800,681413,107833
21,0,1704,10,1,226,100,14,2800,681413,107833
23,0,1708,10,1,226,100,14,2800,680997,108264
25,0,1712,10,1,221,100,14,2800,680545,108264
27,0,1716,10,1,217,100,14,2800,680545,108264
29,0,1720,10,1,216,100,14,2800,680545,108264
33,0,1724,10,1,214,100,13,2800,681539,107593
35,0,1728,10,1,205,100,13,2800,692414,102522
39,0,1732,10,1,200,100,13,2800,702938,98692
41,0,1736,10,1,191,100,13,2800,720607,95258
43,0,1740,11,1,184,100,13,2800,734173,94310
45,0,1744,11,1,180,100,13,2800,748972,94310
46,0,1748,11,1,180,100,13,2800,751371,94310
49,0,1752,11,1,180,100,13,2800,753370,94310
51,0,1756,11,1,182,100,12,2800,761365,94031
52,0,1760,11,1,183,100,12,2800,769354,93613
54,0,1764,11,1,184,100,12,2800,780526,92832
56,0,1768,11,1,184,100,12,2800,785713,92470
57,0,1772,12,1,184,100,12,2800,793693,91913
61,0,1776,12,1,184,100,12,2800,799678,91495
64,0,1780,12,1,184,100,12,2800,802471,91300
66,0,1784,12,1,184,100,11,2800,802471,91300
68,0,1788,12,1,184,100,11,2800,802471,91300
71,0,1792,12,1,184,100,11,2800,802471,91300
74,0,1796,12,1,184,100,11,2800,802471,91300
76,0,1800,12,1,184,100,11,2800,802471,91300
79,0,1804,12,1,184,100,11,2800,799479,91509
83,0,1808,11,1,184,100,11,2800,784516,92555
86,0,1812,11,1,183,100,10,3200,773132,93151
88,0,1816,11,1,182,100,10,3200,761140,93569
90,0,1820,11,1,182,100,10,3200,750947,93924
91,0,1824,11,1,182,100,10,3200,746150,94091
93,0,1828,11,1,182,100,10,3200,741953,94237
95,0,1832,11,1,182,100,14,3200,738356,94362
98,0,1836,11,1,182,100,14,3200,731761,94592
100,0,1840,11,1,182,100,13,3200,726964,94759
101,0,1844,11,1,182,100,13,3200,725166,94821
103,0,1848,11,1,182,100,13,3200,724567,94841
105,0,1852,11,1,182,100,13,3200,724567,94841
106,0,1856,11,1,182,100,13,3200,723968,94861
109,0,1860,11,1,182,100,13,3200,722769,94902
111,0,1864,10,1,182,100,13,3200,719172,95027
113,0,1868,10,1,182,100,12,3700,714975,95173
114,0,1872,10,1,182,100,12,3700,712577,95256
115,0,1876,10,1,182,100,12,3700,712577,95256
116,0,1880,10,1,182,100,12,3700,712577,95256
117,0,1884,10,1,182,100,12,3700,712577,95256
118,0,1888,10,1,182,100,12,3700,712577,95256
119,0,1892,10,1,182,100,12,3700,712577,95256
120,0,1896,10,1,182,100,11,3700,712577,95256
122,0,1900,10,1,182,100,11,3700,711378,95297
123,0,1904,10,1,182,100,11,3700,705382,95506
124,0,1908,10,1,182,100,17,3700,662809,96992
125,0,1912,9,1,182,100,17,3700,618437,98541
126,0,1916,8,1,182,100,21,3700,573410,100113
127,0,1920,8,1,185,100,21,3700,541732,102884
129,0,1924,7,1,192,100,21,3700,524126,106626
130,0,1928,7,1,211,100,21,3700,506126,117441
131,0,1932,7,1,226,100,21,3700,501959,121756
132,0,1936,7,1,246,100,21,3700,501959,121756
133,0,1940,7,1,260,100,21,3700,502931,116242
134,0,1944,7,1,277,100,21,3700,500738,98377
135,0,1948,7,1,285,100,21,3700,497115,98377
136,0,1952,7,1,289,100,21,3700,490604,98377
137,0,1956,7,1,289,100,21,3700,485916,98377
138,0,1960,7,1,289,100,21,3700,484354,93839
139,0,1964,7,1,289,100,21,3700,483964,92705
140,0,1968,7,1,289,100,21,3700,483964,92705
141,0,1972,7,1,289,100,21,3700,483964,92705
142,0,1976,7,1,289,100,21,3700,483964,92705
143,0,1980,7,1,289,100,21,3700,483964,92705
144,0,1984,7,1,289,100,21,3700,483964,92705
145,0,1988,7,1,289,100,21,3700,485722,97810
146,0,1992,7,1,284,100,21,3700,488770,110035
147,0,1996,7,2,271,100,21,3700,489282,139430
148,0,2000,7,2,253,100,21,3700,489282,168692
149,0,2004,7,2,240,100,21,3700,489282,183241
150,0,2008,7,2,220,100,21,3700,489282,195967
151,0,2012,7,3,208,100,21,3700,482396,199628
152,0,2016,7,3,199,100,21,3700,482396,201386
153,0,2020,7,3,198,100,21,3700,482396,201942
155,0,2024,7,3,198,100,21,3700,482396,201942
156,0,2028,7,3,198,100,21,3700,482396,201942
158,0,2032,7,3,198,100,21,3700,482396,201942
159,0,2036,7,3,198,100,21,3700,482396,201942
160,0,2040,7,3,198,100,21,3700,482396,201942
161,0,2044,7,3,198,100,21,3700,482396,201942
162,0,2048,7,3,198,100,21,3700,481826,202127
163,0,2052,7,3,202,100,21,3700,481826,203250
164,0,2056,7,3,220,100,21,3700,481826,207877
165,0,2060,7,3,240,100,21,3700,481826,209435
166,0,2064,7,3,260,100,21,3700,481826,209435
167,0,2068,7,3,280,100,21,3700,481757,209042
169,0,2072,7,3,300,100,21,3700,481757,209042
170,0,2076,7,3,314,100,21,3700,481757,209042
171,0,2080,7,3,314,100,21,3700,481757,209042
172,0,2084,7,3,314,100,21,3700,481757,209042
173,0,2088,7,3,315,100,21,3700,481757,207345
174,0,2092,7,3,315,100,21,3700,481757,207345
175,0,2096,7,3,315,100,21,3700,481757,207345
176,0,2100,7,3,315,100,21,3700,481757,207345
178,0,2104,7,3,315,100,21,3700,481757,207345
179,0,2108,7,3,315,100,21,3700,481757,207345
180,0,2112,7,3,315,100,21,3700,481757,207345
181,0,2116,7,3,315,100,21,3700,489393,214981
182,0,2120,7,3,315,100,21,3700,499150,224738
183,0,2124,7,3,316,100,21,3700,509939,235157
184,0,2128,8,3,318,100,21,3700,530003,253223
185,0,2132,8,4,318,100,21,3700,544271,266070
186,0,2136,8,4,320,100,21,3700,564953,283424
187,0,2140,8,4,323,100,21,3700,584120,297867
188,0,2144,9,4,325,100,21,3700,596898,306814
189,0,2148,9,4,327,100,21,3700,617026,319885
190,0,2152,9,4,330,100,21,3700,630016,327384
191,0,2156,9,5,337,100,21,3700,630016,333948
192,0,2160,9,5,340,100,21,3700,630016,336205
194,0,2164,9,5,342,100,21,3700,630016,337317
195,0,2168,9,5,343,100,21,3700,631737,337843
196,0,2172,9,5,343,100,21,3700,631737,337843
197,0,2176,9,5,343,100,21,3700,631737,337843
198,0,2180,9,5,343,100,21,3700,631737,337843
199,0,2184,9,5,334,100,21,3700,624547,334337
200,0,2188,9,4,314,100,21,3700,608431,317649
201,0,2192,9,4,295,100,21,3700,601501,302786
203,0,2196,9,4,275,100,21,3700,600281,288840
204,0,2200,9,4,255,100,21,3700,600591,287681
205,0,2204,9,4,235,100,21,3700,598183,291121
206,0,2208,9,4,221,100,21,3700,594561,294270
208,0,2212,9,4,202,100,21,3700,591224,295618
209,0,2216,9,4,192,100,21,3700,590051,295867
210,0,2220,8,4,183,100,21,3700,589452,295898
211,0,2224,8,4,182,100,21,3700,589452,295898
212,0,2228,8,4,182,100,21,3700,588853,295918
213,0,2232,8,4,183,100,21,3700,585258,296106
214,0,2236,8,4,186,100,21,3700,573921,297297
215,0,2240,8,4,192,100,21,3700,546925,303035
216,0,2244,8,4,195,100,21,3700,529539,307693
217,0,2248,7,4,198,100,21,3700,502149,316592
219,0,2252,7,4,199,100,21,3700,487400,321670
220,0,2256,7,4,199,100,21,3700,487400,327139
221,0,2260,7,5,199,100,21,3700,487400,329483
222,0,2264,7,5,199,100,21,3700,487400,329483
223,0,2268,7,5,199,100,21,3700,487400,329483
225,0,2272,7,5,199,100,21,3700,488156,329223
226,0,2276,7,5,199,100,21,3700,488156,329223
227,0,2280,7,5,200,100,21,3700,488156,329223
228,0,2284,7,5,203,100,21,3700,487604,329457
229,0,2288,7,5,204,100,21,3700,487056,329701
230,0,2292,7,5,202,100,21,3700,487056,332622
231,0,2296,7,5,199,100,21,3700,487056,335161
232,0,2300,7,5,195,100,21,3700,487056,342303
233,0,2304,6,5,192,100,21,3700,445388,351159
234,0,2308,6,5,191,100,21,3700,412995,357455
235,0,2312,6,5,191,100,21,3700,396504,360660
236,0,2316,5,5,191,100,21,3700,375891,364666
237,0,2320,5,5,191,100,21,3700,355278,368672
238,0,2324,5,5,191,100,21,3700,334665,368672
239,0,2328,4,5,191,100,21,3700,314052,368672
240,0,2332,4,5,191,100,21,3700,293439,368672
242,0,2336,4,5,185,100,29,3700,276106,370188
243,0,2340,3,5,185,100,29,3700,249807,370188
244,0,2344,3,5,186,100,29,3700,227133,370188
245,0,2348,3,5,191,100,29,3700,226545,370302
246,0,2352,3,5,195,100,29,3700,226545,370302
247,0,2356,3,5,196,100,29,3700,226929,370192
248,0,2360,3,5,199,100,29,3700,226929,370192
249,0,2364,3,5,207,100,29,3700,224256,370192
250,0,2368,3,5,221,100,29,3700,219728,370192
251,0,2372,3,5,232,100,29,3700,218620,370192
252,0,2376,3,5,252,100,29,3700,218620,370192
253,0,2380,3,5,272,100,29,3700,218620,370192
254,0,2384,3,5,292,100,29,3700,218171,369080
255,0,2388,3,5,312,100,29,3700,218171,369080
1,0,2392,3,5,332,100,29,3700,225057,369080
2,0,2396,3,5,349,100,29,3700,239781,369080
3,0,2400,4,5,2,100,29,3700,284808,367508
4,0,2404,5,5,6,100,29,3700,329615,362799
5,0,2408,5,5,6,100,29,3700,368997,358660
6,0,2412,6,5,6,100,29,3700,407782,354584
7,0,2416,6,5,4,100,29,3700,434716,352701
8,0,2420,7,5,359,100,29,3700,459912,353140
9,0,2424,7,5,355,100,29,3700,483820,355231
10,0,2428,7,5,348,100,29,3700,485580,355605
11,0,2432,7,5,340,100,29,3700,485580,355605
13,0,2436,7,5,324,100,29,3700,485580,355605
14,0,2440,7,5,307,100,29,3700,485580,355605
15,0,2444,7,5,296,100,29,3700,485580,355605
16,0,2448,7,5,281,100,29,3700,486152,358549
17,0,2452,7,5,275,100,29,3700,486622,363928
18,0,2456,7,5,268,100,29,3700,486287,373522
19,0,2460,7,5,265,100,29,3700,485660,380694
20,0,2464,7,5,260,100,29,3700,483785,391329
22,0,2468,7,6,256,100,29,3700,482044,398315
23,0,2472,7,6,249,100,29,3700,482044,408957
24,0,2476,7,6,241,100,29,3700,482044,419977
25,0,2480,7,6,236,100,29,3700,482044,427438
26,0,2484,7,6,227,100,29,3700,482044,438408
27,0,2488,7,6,222,100,29,3700,482044,444430
28,0,2492,7,6,215,100,29,3700,482044,450280
29,0,2496,7,6,208,100,29,3700,482044,454223
30,0,2500,7,6,205,100,29,3700,482044,455997
31,0,2504,7,6,201,100,29,3700,482044,458147
32,0,2508,7,7,200,100,29,3700,482044,458967
33,0,2512,7,7,198,100,29,3700,482044,459523
34,0,2516,7,7,196,100,29,3700,482044,460515
35,0,2520,7,7,193,100,29,3700,482044,461999
37,0,2524,7,7,188,100,29,3700,482044,463334
38,0,2528,7,7,184,100,29,3700,482044,463919
39,0,2532,7,7,183,100,29,3700,482044,464107
40,0,2536,7,7,182,100,29,3700,482044,464169
41,0,2540,7,7,182,100,29,3700,482044,464169
42,0,2544,7,7,186,100,29,3700,482441,464128
43,0,2548,7,7,199,100,29,3700,484710,463347
44,0,2552,7,7,219,100,29,3700,485642,462592
45,0,2556,7,7,239,100,29,3700,485642,462592
46,0,2560,7,7,259,100,29,3700,485642,462592
47,0,2564,7,7,279,100,29,3700,485642,462592
48,0,2568,7,7,299,100,29,3700,485932,463116
49,0,2572,7,7,319,100,29,3700,492724,469020
50,0,2576,7,7,339,100,29,3700,500566,472030
51,0,2580,7,7,355,100,29,3700,500566,472030
52,0,2584,7,7,355,100,29,3700,500566,472030
53,0,2588,7,7,355,100,29,3700,500566,472030
54,0,2592,7,7,355,100,29,3700,500566,472030
55,0,2596,7,7,355,100,29,3700,500566,472030
56,0,2600,7,7,355,100,29,3700,500566,472030
57,0,2604,7,7,355,100,29,3700,500566,472030
59,0,2608,7,7,355,100,29,3700,500566,472030
60,0,2612,7,7,355,100,29,3700,507140,472605
61,0,2616,8,7,355,100,29,3700,539416,475428
62,0,2620,8,7,355,100,29,3700,584244,479349
63,0,2624,9,7,355,100,29,3700,624290,482852
64,0,2628,10,7,355,100,29,3700,669173,486778
65,0,2632,10,7,355,100,29,3700,676943,487457
67,0,2636,10,7,355,100,29,3700,676943,487457
68,0,2640,10,7,354,100,29,3700,669783,486705
69,0,2644,9,7,350,100,29,3700,649694,483163
70,0,2648,9,7,333,100,29,3700,627241,471723
71,0,2652,9,7,315,100,29,3700,617625,462107
72,0,2656,9,6,295,100,29,3700,613907,454132
73,0,2660,9,6,289,100,29,3700,613907,454132
74,0,2664,9,7,285,100,29,3700,615459,459927
75,0,2668,9,7,283,100,29,3700,617078,466942
76,0,2672,9,7,279,100,29,3700,619142,479979
77,0,2676,9,7,277,100,29,3700,620604,491889
78,0,2680,9,7,273,100,29,3700,621608,511062
79,0,2684,9,8,269,100,29,3700,621305,528459
80,0,2688,9,8,267,100,29,3700,620772,538644
81,0,2692,9,8,265,100,29,3700,619570,552391
82,0,2696,9,8,265,100,29,3700,619152,557172
90,0,2700,9,8,265,100,29,3700,619100,557769
91,0,2704,9,8,265,100,29,3700,619100,557769
92,0,2708,9,8,265,100,29,3700,619100,557769
93,0,2712,9,8,268,100,29,3700,619155,556170
96,0,2716,9,8,268,100,29,3700,619155,556170
98,0,2720,9,8,268,100,29,3700,619155,556170
101,0,2724,9,8,268,100,29,3700,619155,556170
104,0,2728,9,8,268,100,29,3700,619155,556170
106,0,2732,9,8,268,100,29,3700,619155,556170
109,0,2736,9,8,268,100,29,3700,619155,556170
114,0,2740,9,8,268,100,29,3700,619155,556170
117,0,2744,9,8,268,100,29,3700,619114,557369
122,0,2748,9,8,268,100,29,3700,619031,559767
127,0,2752,9,8,269,100,29,3700,618927,565766
131,0,2756,9,8,269,100,29,3700,618865,565766
136,0,2760,9,8,269,100,29,3700,618520,585562
143,0,2764,9,9,267,100,29,3700,617547,604136
151,0,2768,9,9,267,100,28,3700,616982,614921
156,0,2772,9,9,264,100,28,3700,614788,635805
164,0,2776,9,9,261,100,28,3700,612817,635805
171,0,2780,9,9,255,100,27,3700,612817,635805
176,0,2784,9,9,254,100,27,3700,612817,635805
183,0,2788,9,9,250,100,27,3700,612953,635430
188,0,2792,9,9,245,100,26,3800,614812,631443
191,0,2796,9,9,243,100,26,3800,616446,628236
197,0,2800,9,9,241,100,26,3800,618385,624738
204,0,2804,9,9,241,100,25,3800,618385,624738
209,0,2808,9,9,241,100,25,3800,618385,624738
214,0,2812,9,9,241,100,25,3800,618385,624738
220,0,2816,9,9,244,100,24,3900,617596,626355
229,0,2820,9,9,247,100,24,3900,616893,628011
237,0,2824,9,9,248,100,24,3900,616669,628567
243,0,2828,9,9,249,100,23,4000,616669,628567
248,0,2832,9,9,251,100,23,4000,616669,628567
253,0,2836,9,9,253,100,23,4000,616669,628567
2,0,2840,9,9,257,100,22,4000,616669,628567
5,0,2844,9,9,260,100,22,4000,616669,628567
9,0,2848,9,9,263,100,22,4000,616717,628170
14,0,2852,9,9,265,100,21,4000,616786,627374
18,0,2856,9,9,267,100,21,4000,616869,625777
22,0,2860,9,9,268,97,21,4000,616882,625378
27,0,2864,9,9,268,97,20,4000,616882,625378
31,0,2868,9,9,268,97,20,4000,616882,625378
35,0,2872,9,9,268,97,20,4000,616882,625378
40,0,2876,9,9,268,97,19,4100,616882,625378
44,0,2880,9,9,268,85,19,4100,616882,625378
48,0,2884,9,9,268,85,19,4100,616882,625378
55,0,2888,9,9,268,85,18,4200,616882,625378
58,0,2892,9,9,268,85,18,4200,616993,622180
63,0,2896,9,9,268,85,18,4200,617076,619782
69,0,2900,9,9,268,85,17,4200,617327,612587
71,0,2904,9,9,268,85,17,4200,617689,602194
75,0,2908,9,8,268,85,17,4200,618456,580208
79,0,2912,9,8,268,85,16,4300,619237,557822
81,0,2916,9,8,268,85,16,4300,619837,540633
83,0,2920,9,8,268,85,16,4300,620367,525443
87,0,2924,9,7,268,85,15,4300,620855,511452
88,0,2928,9,7,268,85,15,4300,621357,497061
90,0,2932,9,7,268,85,15,4300,621859,482670
93,0,2936,9,7,268,85,14,4400,622389,467480
94,0,2940,9,6,268,85,14,4400,623059,448292
95,0,2944,9,6,267,85,14,4400,624503,420730
98,0,2948,9,6,267,85,13,4400,625047,410345
99,0,2952,9,6,266,85,13,4400,625353,405956
100,0,2956,9,6,264,85,13,4400,625520,404365
101,0,2960,9,6,263,85,13,4400,625520,404365
102,0,2964,9,6,259,85,13,4400,624261,410843
103,0,2968,9,6,258,85,13,4400,623638,413777
104,0,2972,9,6,258,85,13,4400,623514,414363
105,0,2976,9,6,258,85,13,4400,623514,414363
106,0,2980,9,6,258,85,13,4400,623390,414949
107,0,2984,9,6,258,85,13,4400,622642,418470
108,0,2988,9,6,264,85,13,4400,620887,435177
110,0,2992,9,6,268,85,13,4400,620343,450767
111,0,2996,9,7,268,85,13,4400,607723,468338
112,0,3000,8,7,268,85,13,4400,583920,479514
113,0,3004,8,7,268,85,13,4400,556435,492963
115,0,3008,8,7,268,85,13,4400,539311,501971
116,0,3012,8,7,268,85,13,4400,528288,508190
117,0,3016,7,7,268,85,13,4400,515403,516145
118,0,3020,7,7,268,85,13,4400,512901,519060
119,0,3024,7,7,268,85,13,4400,514699,519122
120,0,3028,8,7,268,85,13,4400,525031,515480
121,0,3032,8,7,268,85,13,4400,543299,508113
123,0,3036,8,7,268,85,13,4400,546352,506618
124,0,3040,8,7,268,85,13,4400,546352,506618
125,0,3044,8,7,269,85,13,4400,546358,506219
127,0,3048,8,7,274,85,13,4400,546107,502628
130,0,3052,8,7,285,85,13,4400,543519,492969
132,0,3056,8,7,291,85,13,4400,541226,486995
133,0,3060,8,7,300,85,13,4400,536027,477989
135,0,3064,8,7,305,85,13,4400,531210,471109
138,0,3068,8,7,305,85,13,4400,531210,471109
140,0,3072,8,7,305,85,13,4400,531210,471109
142,0,3076,8,7,305,85,12,4400,531210,471109
143,0,3080,8,7,305,85,12,4400,531210,471109
145,0,3084,8,7,305,85,12,4400,530981,470782
147,0,3088,8,7,305,85,11,4500,530981,470782
148,0,3092,8,7,305,85,11,4500,530981,470782
149,0,3096,8,7,305,85,11,4500,530981,470782
151,0,3100,8,7,305,85,10,4500,536487,478645
152,0,3104,8,7,305,85,10,4500,544746,490440
153,0,3108,8,7,305,85,10,4500,561608,514522
154,0,3112,8,8,305,85,10,4500,575373,534181
155,0,3116,9,8,302,85,10,4500,599247,534181
156,0,3120,9,8,296,85,14,4500,618997,574675
158,0,3124,9,9,290,85,14,4500,629462,603429
159,0,3128,9,9,281,85,14,4500,629462,628165
160,0,3132,9,9,277,85,14,4500,629973,632333
161,0,3136,9,9,274,85,14,4500,630014,632931
162,0,3140,9,9,273,85,14,4500,630045,633530
163,0,3144,9,9,270,85,14,4500,630045,634129
164,0,3148,9,9,268,85,14,4500,630045,634129
165,0,3152,9,9,261,85,14,4500,630045,634129
166,0,3156,9,9,253,85,14,4500,629870,634702
167,0,3160,9,9,250,85,14,4500,629050,636957
169,0,3164,9,10,246,85,14,4500,617581,662718
170,0,3168,9,10,244,85,14,4500,606535,685367
171,0,3172,9,10,242,85,14,4500,595832,705497
172,0,3176,8,11,242,85,14,4500,585974,724038
173,0,3180,8,11,242,85,14,4500,575834,743109
174,0,3184,8,11,242,85,14,4500,573581,747347
175,0,3188,8,11,245,85,14,4500,566482,762572
176,0,3192,8,11,249,85,18,4500,558312,783857
178,0,3196,8,12,252,85,18,4500,552565,801546
179,0,3200,8,12,263,85,18,4500,549641,825366
180,0,3204,8,12,273,85,18,4500,549797,828361
181,0,3208,8,12,288,85,18,4500,547449,821134
182,0,3212,8,12,298,85,18,4500,540689,808420
183,0,3216,7,12,318,85,18,4500,519585,789417
184,0,3220,7,11,334,85,18,4500,502329,781001
185,0,3224,7,11,354,85,18,4500,502329,778117
186,0,3228,7,11,13,85,18,4500,502329,783695
187,0,3232,7,12,25,85,18,4500,493267,787921
188,0,3236,7,12,36,85,18,4500,492297,788626
189,0,3240,7,11,41,85,18,4500,495919,785477
190,0,3244,7,11,48,85,18,4500,505955,774330
191,0,3248,7,11,51,85,18,4500,514639,763606
192,0,3252,8,11,53,85,18,4500,529443,743960
194,0,3256,8,11,53,85,22,4500,542442,726710
195,0,3260,8,10,52,85,22,4500,560172,704016
196,0,3264,8,10,46,85,22,4500,566840,697111
197,0,3268,8,10,39,85,22,4500,566840,697111
198,0,3272,8,10,21,85,22,4500,562359,698831
199,0,3276,8,10,4,85,22,4500,556773,699221
200,0,3280,8,10,344,85,22,4500,549852,697237
201,0,3284,8,10,325,85,22,4500,548870,696549
203,0,3288,8,10,305,85,22,4500,548870,696549
204,0,3292,8,10,293,85,22,4500,548870,696549
205,0,3296,8,10,279,85,22,4500,549808,702475
206,0,3300,8,10,277,85,22,4500,549516,700093
208,0,3304,8,10,277,85,22,4500,549516,700093
209,0,3308,8,10,277,85,22,4500,549516,700093
210,0,3312,8,10,277,85,22,4500,549516,700093
211,0,3316,8,10,277,85,22,4500,549516,700093
212,0,3320,8,11,276,85,22,4500,551899,722767
213,0,3324,8,11,278,85,22,4500,556157,753069
214,0,3328,8,11,279,85,22,4500,558691,769069
215,0,3332,8,12,278,85,22,4500,562197,794023
216,0,3336,8,12,272,85,22,4500,562427,800618
217,0,3340,8,12,258,85,22,4500,562427,800618
219,0,3344,8,12,249,85,22,4500,561782,802298
220,0,3348,8,12,240,85,22,4500,553383,816847
221,0,3352,8,12,236,85,22,4500,543989,830774
222,0,3356,8,13,232,85,26,4500,527367,852050
223,0,3360,7,13,230,85,26,4500,514641,867217
225,0,3364,7,13,230,85,26,4500,511171,871353
226,0,3368,7,13,234,85,26,4500,516108,864558
227,0,3372,8,12,241,85,26,4500,525804,847066
228,0,3376,8,12,259,85,26,4500,532596,812121
229,0,3380,8,12,273,85,26,4500,531738,795744
230,0,3384,8,12,289,85,26,4500,529134,788180
231,0,3388,8,12,298,85,26,4500,529415,788709
232,0,3392,8,12,306,85,26,4500,536468,798417
233,0,3396,8,12,310,85,26,4500,547652,811746
234,0,3400,8,12,311,85,26,4500,554343,819443
235,0,3404,8,12,311,85,26,4500,565364,832121
236,0,3408,8,13,310,85,30,4500,585804,856480
237,0,3412,9,13,302,85,30,4500,603926,885482
238,0,3416,9,13,297,85,30,4500,615911,909004
239,0,3420,9,14,293,85,30,4500,626460,933857
240,0,3424,9,14,292,85,30,4500,626460,954440
242,0,3428,9,14,289,85,34,4500,626460,974863
243,0,3432,9,15,284,85,34,4500,631685,995821
244,0,3436,9,15,279,85,34,4500,631685,1016562
245,0,3440,9,15,274,85,34,4500,631685,1037510
246,0,3444,9,16,271,85,34,4500,632051,1058506
247,0,3448,9,16,269,85,34,4500,631675,1080102
248,0,3452,9,16,269,85,38,4500,631309,1101098
249,0,3456,9,17,269,85,38,4500,630933,1122694
250,0,3460,9,17,269,85,38,4500,630546,1144890
251,0,3464,9,17,269,85,42,4500,630170,1166486
252,0,3468,9,18,270,85,42,4500,630170,1188085
253,0,3472,9,18,274,85,42,4500,631885,1212624
254,0,3476,9,19,284,85,42,4500,631885,1245225
255,0,3480,9,19,295,85,42,4500,644816,1272957
1,0,3484,9,19,314,85,42,4500,653985,1282452
2,0,3488,10,19,327,85,42,4500,660023,1286373
3,0,3492,10,19,344,85,42,4500,672134,1289845
4,0,3496,10,19,356,85,42,4500,685900,1290807
5,0,3500,10,19,359,85,42,4500,692498,1290922
6,0,3504,10,19,359,85,42,4500,694297,1290953
7,0,3508,10,19,355,85,42,4500,694297,1290953
8,0,3512,10,19,340,85,42,4500,694297,1290953
9,0,3516,10,19,333,85,42,4500,696970,1292314
10,0,3520,10,19,331,85,42,4500,696970,1298713
11,0,3524,10,19,331,85,42,4500,696970,1304530
13,0,3528,10,20,331,85,42,4500,696970,1315583
14,0,3532,10,20,331,85,42,4500,696970,1328672
15,0,3536,10,20,333,85,42,4500,696970,1337388
16,0,3540,10,20,339,85,42,4500,696970,1347924
23,0,3544,10,20,345,85,42,4500,696970,1353048
24,0,3548,10,20,354,85,42,4500,696970,1355744
25,0,3552,10,20,359,85,42,4500,696970,1355848
28,0,3556,10,20,359,85,42,4500,696970,1355848
30,0,3560,10,20,359,85,42,4500,696970,1355848
31,0,3564,10,20,359,85,42,4500,696970,1355848
33,0,3568,10,20,359,85,42,4500,696970,1355848
39,0,3572,10,20,359,85,42,4500,696970,1355848
44,0,3576,10,20,359,85,42,4500,696970,1355848
46,0,3580,10,20,359,85,42,4500,696970,1355848
51,0,3584,10,20,359,85,42,4500,696970,1355848
58,0,3588,10,20,359,85,42,4500,696970,1355848
65,0,3592,10,20,1,85,42,4500,696970,1355848
72,0,3596,10,20,6,85,42,4500,696970,1355660
76,0,3600,10,20,10,85,42,4500,696970,1354306
82,0,3604,10,20,13,85,42,4500,715677,1349988
92,0,3608,11,20,13,85,42,4500,732046,1346209
98,0,3612,11,20,11,85,42,4500,754426,1341859
104,0,3616,11,20,8,85,42,4500,769279,1339772
115,0,3620,11,20,4,85,41,4500,781848,1338894
122,0,3624,11,20,3,85,41,4500,781848,1338894
129,0,3628,11,20,2,85,41,4500,780649,1338935
134,0,3632,11,20,1,85,40,4600,776250,1339011
138,0,3636,11,20,1,85,40,4600,773051,1339066
143,0,3640,11,20,1,85,40,4600,771852,1339086
150,0,3644,11,20,1,85,39,4600,771852,1339086
154,0,3648,11,20,1,85,39,4600,771852,1339086
159,0,3652,11,20,1,85,39,4600,771852,1339086
166,0,3656,11,20,1,85,38,4700,771453,1339092
170,0,3660,11,20,1,85,38,4700,771453,1339092
176,0,3664,11,20,1,85,38,4700,770654,1339105
183,0,3668,11,20,1,85,37,4700,769455,1339125
187,0,3672,11,20,3,85,37,4700,767059,1339250
190,0,3676,11,20,3,85,37,4700,767059,1339250
200,0,3680,11,20,3,85,36,4700,767059,1339250
204,0,3684,11,20,3,85,36,4700,767059,1339250
210,0,3688,11,20,3,85,36,4700,767059,1339250
218,0,3692,11,20,3,85,35,4700,768856,1339156
221,0,3696,12,20,2,85,35,4700,813883,1337584
225,0,3700,13,20,2,85,35,4700,857056,1336077
230,0,3704,13,20,2,85,34,4700,899629,1334591
236,0,3708,14,20,2,85,34,4700,942202,1333105
242,0,3712,15,20,2,85,38,4700,984775,1331619
247,0,3716,15,20,2,85,37,4700,1028548,1330091
251,0,3720,16,20,2,85,37,4700,1072321,1328563
1,0,3724,17,20,2,85,37,4700,1114295,1327098
8,0,3728,17,20,2,85,36,5200,1156269,1325633
13,0,3732,18,20,2,85,36,5200,1198842,1324147
18,0,3736,18,20,2,85,36,5200,1198842,1324147
27,0,3740,18,20,2,85,35,5200,1203639,1323980
32,0,3744,18,20,2,85,35,5200,1215631,1323562
39,0,3748,18,20,2,85,35,5200,1222226,1323332
48,0,3752,18,20,2,85,34,5200,1222825,1323312
52,0,3756,18,20,2,85,34,5200,1222825,1323312
61,0,3760,18,20,1,85,42,5200,1227624,1323229
70,0,3764,18,20,0,85,41,5200,1243223,1323229
76,0,3768,19,20,0,85,41,5200,1261822,1323229
84,0,3772,19,20,0,85,41,5200,1271421,1323229
93,0,3776,19,20,0,85,40,5200,1276220,1323229
99,0,3780,19,20,0,85,40,5200,1276220,1323229
106,0,3784,19,20,0,85,40,5200,1279219,1323229
110,0,3788,19,20,0,85,40,5200,1294818,1323229
116,0,3792,20,20,0,85,40,5200,1339872,1323229
124,0,3796,20,20,0,85,40,5200,1364471,1323229
131,0,3800,20,20,0,85,40,5200,1368070,1323229
140,0,3804,20,20,0,85,40,5200,1359271,1323229
147,0,3808,20,20,0,85,40,5200,1328072,1323229
152,0,3812,19,20,0,85,40,5200,1293273,1323229
160,0,3816,19,20,0,85,40,5200,1253274,1323229
167,0,3820,18,20,1,85,40,5200,1213281,1323926
174,0,3824,17,20,2,85,40,5200,1178503,1325140
180,0,3828,17,20,2,85,40,5200,1143725,1326354
186,0,3832,17,20,2,85,40,5200,1131333,1326786
193,0,3836,17,20,2,85,40,5200,1124937,1327009
199,0,3840,17,20,2,85,40,5200,1124937,1327009
205,0,3844,17,20,2,85,40,5200,1169964,1325437
210,0,3848,18,20,2,85,40,5200,1214991,1323865
216,0,3852,19,20,2,85,40,5200,1260018,1322293
223,0,3856,19,20,2,85,40,5200,1305045,1320721
232,0,3860,20,20,1,85,40,5200,1350093,1319936
240,0,3864,21,20,1,85,39,5200,1395141,1319151
249,0,3868,21,20,1,85,39,5200,1437734,1318409
253,0,3872,22,20,1,85,39,5200,1482727,1317625
4,0,3876,23,20,0,85,38,5200,1527781,1317625
12,0,3880,23,20,358,85,38,5200,1572808,1319197
28,0,3884,24,20,358,85,38,5200,1581202,1319490
41,0,3888,24,20,358,85,37,5700,1583600,1319573
48,0,3892,24,20,358,85,37,5700,1583600,1319573
57,0,3896,24,20,358,85,37,5700,1581202,1319490
71,0,3900,23,20,358,85,36,5700,1564813,1318918
81,0,3904,23,20,358,85,36,5700,1543626,1318179
91,0,3908,23,20,359,85,36,5700,1531228,1317963
101,0,3912,23,20,0,85,35,5700,1514829,1317963
112,0,3916,22,20,1,85,35,5700,1504431,1318144
120,0,3920,22,20,2,85,35,5700,1492839,1318548
130,0,3924,22,20,2,85,34,5700,1485644,1318799
136,0,3928,22,20,4,85,34,5700,1475669,1319496
144,0,3932,22,20,5,85,34,5700,1467700,1320193
149,0,3936,22,20,6,85,33,5700,1465711,1320402
155,0,3940,22,20,7,85,33,5700,1465314,1320450
164,0,3944,22,20,7,85,33,5700,1465314,1320450
173,0,3948,22,20,7,85,32,6200,1465314,1320450
179,0,3952,22,20,7,85,32,6200,1465314,1320450
184,0,3956,22,20,6,85,32,6200,1470087,1319949
191,0,3960,22,20,6,85,31,6200,1470087,1319949
199,0,3964,22,20,6,85,31,6200,1470087,1319949
204,0,3968,22,20,4,85,31,6200,1469688,1319976
214,0,3972,22,20,3,85,30,6200,1469688,1319976
221,0,3976,22,20,3,85,30,6200,1469688,1319976
225,0,3980,22,20,3,85,30,6200,1469688,1319976
235,0,3984,22,20,3,85,29,6300,1469688,1319976
241,0,3988,22,20,3,85,29,6300,1470287,1319945
247,0,3992,22,20,2,85,29,6300,1475084,1319778
255,0,3996,22,20,1,85,28,6300,1478683,1319716
3,0,4000,22,20,1,85,28,6300,1479282,1319706
9,0,4004,22,20,1,85,28,6300,1483481,1319633
17,0,4008,22,20,1,85,27,6300,1492479,1319477
21,0,4012,23,20,1,85,27,6300,1512875,1319122
28,0,4016,23,20,1,85,27,6300,1557923,1318337
32,0,4020,24,20,1,85,27,6300,1602971,1317552
38,0,4024,25,20,1,85,27,6300,1648019,1316767
42,0,4028,25,20,1,85,31,6300,1693067,1315982
51,0,4032,26,20,2,85,31,6300,1738094,1314410
59,0,4036,27,19,7,85,35,6300,1782812,1308920
64,0,4040,27,19,9,85,35,6300,1827312,1301872
75,0,4044,28,19,7,85,35,6300,1872030,1296382
84,0,4048,29,19,2,85,35,6300,1917057,1294810
93,0,4052,29,19,352,85,35,6300,1961673,1301079
96,0,4056,30,20,345,85,35,6300,2005192,1312739
98,0,4060,31,20,331,85,35,6300,2044597,1334581
102,0,4064,31,20,319,85,35,6300,2078599,1364139
107,0,4068,31,21,299,85,35,6300,2091106,1386704
111,0,4072,31,21,279,85,35,6300,2092513,1395593
118,0,4076,31,21,259,85,35,6300,2091369,1401482
123,0,4080,31,21,242,85,35,6300,2091369,1401482
130,0,4084,32,21,224,85,35,6300,2097986,1395092
137,0,4088,32,21,211,85,35,6300,2107929,1389118
143,0,4092,32,21,195,85,35,6300,2126474,1384149
149,0,4096,32,21,182,85,35,6300,2144463,1383521
153,0,4100,33,21,181,85,35,6300,2166859,1383131
160,0,4104,33,21,181,85,35,6300,2182056,1382866
167,0,4108,33,21,181,85,35,6300,2190054,1382727
175,0,4112,33,21,181,85,34,6400,2197652,1382595
180,0,4116,33,21,181,85,34,6400,2204850,1382470
184,0,4120,33,21,181,85,34,6400,2209249,1382394
190,0,4124,33,21,181,85,33,6400,2210848,1382367
195,0,4128,33,21,182,85,33,6400,2215245,1382214
203,0,4132,33,21,183,85,33,6400,2218440,1382047
208,0,4136,33,21,185,85,32,6400,2221229,1381803
211,0,4140,33,21,188,85,32,6400,2224001,1381414
216,0,4144,33,21,191,85,32,6400,2227142,1380804
220,0,4148,33,21,192,85,31,6400,2227533,1380721
225,0,4152,34,21,192,85,31,6400,2228706,1380472
230,0,4156,34,21,192,85,31,6400,2228706,1380472
240,0,4160,34,21,192,85,30,6400,2228706,1380472
248,0,4164,33,21,188,85,30,6400,2228112,1380555
254,0,4168,33,21,177,85,30,6400,2226914,1380493
5,0,4172,33,21,172,85,30,6400,2225726,1380327
11,0,4176,33,21,169,85,30,6400,2222782,1379755
19,0,4180,33,21,167,85,30,6400,2218106,1378676
23,0,4184,33,21,166,85,30,6400,2213449,1377515
28,0,4188,33,21,165,85,30,6400,2209972,1376584
35,0,4192,33,21,165,85,30,6400,2209972,1376584
40,0,4196,33,21,165,85,30,6400,2209972,1376584
47,0,4200,33,21,165,85,29,6400,2209972,1376584
52,0,4204,33,21,165,85,29,6400,2211517,1376998
57,0,4208,33,21,165,85,29,6400,2212676,1377308
63,0,4212,33,21,169,85,28,6500,2216602,1378071
68,0,4216,33,21,177,85,28,6500,2219797,1378238
70,0,4220,33,21,185,85,28,6500,2221789,1378064
75,0,4224,33,21,188,85,27,6500,2222185,1378009
80,0,4228,33,21,188,85,27,6500,2222185,1378009
84,0,4232,33,21,188,85,27,6500,2222185,1378009
87,0,4236,33,21,187,85,26,6500,2222185,1378009
91,0,4240,33,21,181,85,26,6500,2222185,1378009
97,0,4244,33,21,173,85,26,6500,2222185,1378009
101,0,4248,33,21,172,85,25,6500,2222185,1378009
106,0,4252,33,21,172,85,25,6500,2222185,1378009
111,0,4256,33,21,172,85,25,6500,2222185,1378009
117,0,4260,33,21,172,85,24,6500,2222185,1378009
119,0,4264,33,21,172,85,24,6500,2222185,1378009
123,0,4268,33,21,172,85,24,6500,2226542,1378621
127,0,4272,33,21,172,85,24,6500,2226542,1378621
134,0,4276,33,21,172,85,24,6500,2226542,1378621
139,0,4280,33,21,172,85,24,6500,2226542,1378621
143,0,4284,33,21,172,85,24,6500,2226542,1378621
147,0,4288,33,21,172,85,24,6500,2222978,1378121
152,0,4292,33,21,173,85,24,6500,2220001,1377756
157,0,4296,33,20,174,85,24,6500,2205084,1376189
163,0,4300,33,20,175,85,24,6500,2180578,1374046
168,0,4304,33,20,175,85,23,6600,2172808,1373367
172,0,4308,33,20,175,85,23,6600,2171015,1373211
176,0,4312,33,20,175,85,23,6600,2169820,1373107
184,0,4316,33,20,175,85,22,6600,2165039,1372689
190,0,4320,32,20,175,85,22,6600,2156074,1371905
196,0,4324,32,20,175,85,22,6600,2154879,1371801
203,0,4328,32,20,175,85,21,6600,2154879,1371801
207,0,4332,32,20,175,85,21,6600,2154282,1371749
213,0,4336,32,20,174,85,21,6600,2153686,1371687
216,0,4340,32,20,172,85,21,6600,2151310,1371354
222,0,4344,32,20,172,85,21,6600,2147746,1370854
224,0,4348,32,20,172,85,21,6600,2103130,1364585
228,0,4352,31,20,172,85,21,6600,2058514,1358316
234,0,4356,30,20,172,85,25,6600,2013898,1352047
239,0,4360,30,20,173,85,25,6600,1969180,1346557
248,0,4364,29,20,175,85,25,6600,1924297,1342631
254,0,4368,28,20,178,85,25,6600,1879270,1341059
7,0,4372,27,20,183,85,29,6600,1834277,1343416
16,0,4376,27,20,190,85,29,6600,1819505,1346020
26,0,4380,27,20,196,85,29,6600,1801626,1351146
33,0,4384,27,20,206,85,29,6600,1776820,1363245
40,0,4388,26,21,223,85,29,6600,1756635,1382067
48,0,4392,26,21,243,67,29,6600,1753912,1387413
52,0,4396,26,21,260,67,29,6600,1754328,1385050
60,0,4400,26,20,274,67,29,6600,1753603,1374676
67,0,4404,26,20,281,67,29,6600,1750932,1360934
75,0,4408,26,20,289,67,29,6600,1742207,1335595
88,0,4412,26,20,292,67,29,6600,1735465,1318906
95,0,4416,26,19,294,67,28,6600,1727331,1300636
104,0,4420,26,19,294,67,28,6600,1721637,1287847
117,0,4424,26,19,294,67,28,6600,1718384,1280539
128,0,4428,26,19,294,67,27,6600,1712528,1267384
140,0,4432,26,19,295,49,27,6600,1708471,1258684
148,0,4436,26,19,299,49,27,6600,1708084,1257985
161,0,4440,26,19,304,49,26,6600,1709090,1259477
174,0,4444,26,19,306,49,26,6600,1712969,1264816
186,0,4448,26,19,306,49,26,6600,1716495,1269670
200,0,4452,26,19,306,28,25,6600,1720374,1275009
213,0,4456,26,19,306,28,25,6600,1724958,1281319
221,0,4460,26,19,306,28,25,6600,1733774,1293454
233,0,4464,26,19,306,28,24,6600,1740122,1302191
243,0,4468,26,20,306,28,24,6600,1751760,1318209
252,0,4472,26,20,306,28,24,6600,1760576,1330344
5,0,4476,27,20,306,28,23,6600,1773977,1348789
12,0,4480,27,20,306,28,23,6600,1784909,1363836
19,0,4484,27,21,308,28,23,6600,1802639,1386530
29,0,4488,27,21,311,28,22,6600,1814841,1400567
35,0,4492,27,21,314,28,22,6600,1832346,1418694
45,0,4496,27,21,317,28,22,6600,1832346,1428923
54,0,4500,28,21,319,28,21,6600,1846383,1441125
66,0,4504,28,22,320,28,21,6600,1854656,1448066
76,0,4508,28,22,320,28,21,6600,1854656,1456164
86,0,4512,28,22,321,28,20,6600,1854656,1464093
94,0,4516,28,22,327,28,20,6600,1854656,1472589
102,0,4520,28,22,338,28,20,6600,1854656,1476859
112,0,4524,28,22,347,28,19,6600,1842574,1474070
119,0,4528,27,22,357,28,19,6600,1821803,1472982
126,0,4532,27,22,4,28,19,6600,1809035,1473874
134,0,4536,27,22,4,28,18,6600,1809035,1473874
143,0,4540,27,22,4,16,18,6600,1813224,1473582
154,0,4544,27,22,4,11,18,6600,1813224,1473582
164,0,4548,27,22,4,11,17,7100,1813224,1473582
174,0,4552,27,22,5,11,17,7100,1812029,1473686
183,0,4556,27,22,7,11,17,7100,1810044,1473929
191,2,4560,27,22,9,0,16,7100,1811821,1473648
