78,0,4,32,34,270,100,8,0
79,0,8,32,34,270,100,8,0
80,0,12,32,34,270,100,8,0
81,0,16,32,34,270,100,8,0
82,0,20,32,34,270,100,8,0
84,0,24,32,34,270,100,8,0
85,0,28,32,34,277,100,8,0
86,0,32,32,34,290,100,8,0
87,0,36,32,34,304,100,8,0
88,0,40,32,34,319,100,8,0
89,0,44,32,34,333,100,8,0
90,0,48,32,34,346,100,8,0
91,0,52,32,34,359,100,8,0
92,0,56,32,34,8,100,8,0
93,0,60,32,34,19,100,8,0
94,0,64,32,34,27,100,8,0
95,0,68,32,34,29,100,8,0
97,0,72,32,34,29,100,8,0
98,0,76,32,34,29,100,8,0
99,0,80,32,34,17,100,8,0
100,0,84,32,34,2,100,8,0
101,0,88,32,34,342,100,8,0
102,0,92,32,34,326,100,8,0
103,0,96,32,34,306,100,8,0
104,0,100,32,34,286,100,8,0
105,0,104,32,34,271,100,8,0
106,0,108,32,34,253,100,8,0
107,0,112,32,34,240,100,8,0
108,0,116,32,34,226,100,8,0
109,0,120,32,34,215,100,8,0
110,0,124,32,34,202,100,8,0
111,0,128,32,34,192,100,8,0
112,0,132,32,34,183,100,8,0
113,0,136,32,34,175,100,8,0
115,0,140,32,34,168,100,8,0
116,0,144,32,34,168,100,8,0
117,0,148,32,34,168,100,8,0
118,0,152,32,34,168,100,8,0
119,0,156,32,34,168,100,8,0
120,0,160,32,34,169,100,8,0
121,0,164,32,34,169,100,8,0
123,0,168,32,34,169,100,8,0
124,0,172,32,34,169,100,8,0
125,0,176,32,34,169,100,8,0
126,0,180,32,34,169,100,8,0
127,0,184,32,34,169,100,8,0
129,0,188,32,34,169,100,8,0
130,0,192,32,34,169,100,8,0
131,0,196,31,34,167,100,8,0
132,0,200,31,34,164,100,8,0
133,0,204,30,34,162,100,8,0
134,0,208,30,34,158,100,8,0
135,0,212,30,34,155,100,8,0
136,0,216,29,34,149,100,8,0
137,0,220,29,33,140,100,8,0
138,0,224,29,33,131,100,8,0
139,0,228,29,33,115,100,8,0
140,0,232,29,33,99,100,8,0
141,0,236,29,33,83,100,8,0
142,0,240,29,33,74,100,8,0
143,0,244,29,33,67,100,8,0
144,0,248,29,33,60,100,8,0
145,0,252,29,33,60,100,8,0
146,0,256,29,33,61,100,8,0
147,0,260,29,33,61,100,8,0
148,0,264,29,33,61,100,8,0
149,0,268,29,33,61,100,8,0
150,0,272,29,33,61,100,8,0
151,0,276,29,33,61,100,8,0
152,0,280,29,33,61,100,8,0
153,0,284,29,33,61,100,8,0
155,0,288,29,33,61,100,8,0
156,0,292,29,33,61,100,8,0
158,0,296,30,33,61,100,8,0
159,0,300,30,32,61,100,8,0
160,0,304,30,32,59,100,8,0
161,0,308,30,32,58,100,8,0
162,0,312,30,31,53,100,8,0
163,0,316,30,31,50,100,8,0
164,0,320,30,31,46,100,8,0
165,0,324,30,31,43,100,8,0
166,0,328,30,31,43,100,8,0
167,0,332,30,31,43,100,8,0
169,0,336,30,31,43,100,8,0
170,0,340,30,31,43,100,8,0
171,0,344,30,31,43,100,8,0
172,0,348,30,31,43,100,8,0
173,0,352,30,31,43,100,8,0
174,0,356,30,31,43,100,8,0
175,0,360,30,32,43,100,8,0
176,0,364,29,32,42,100,8,0
178,0,368,29,32,41,100,8,0
179,0,372,29,32,29,100,8,0
180,0,376,29,32,17,100,8,0
181,0,380,29,32,359,100,8,0
182,0,384,29,32,344,100,8,0
183,0,388,29,32,330,100,8,0
184,0,392,29,32,319,100,8,0
185,0,396,29,32,311,100,8,0
186,0,400,29,32,304,100,8,0
187,0,404,29,32,297,100,8,0
188,0,408,29,33,301,100,8,0
189,0,412,30,33,311,100,8,0
190,0,416,30,34,317,100,8,0
191,0,420,31,34,326,100,8,0
192,0,424,31,34,332,100,8,0
194,0,428,31,34,342,100,8,0
195,0,432,31,34,347,100,8,0
196,0,436,32,34,355,100,8,0
197,0,440,32,34,0,100,8,0
198,0,444,32,34,8,100,8,0
199,0,448,32,34,13,100,8,0
200,0,452,32,34,19,100,8,0
201,0,456,32,34,22,100,8,0
203,0,460,32,34,24,100,8,0
204,0,464,32,34,25,100,8,0
205,0,468,32,34,25,100,8,0
206,0,472,32,34,25,100,8,0
208,0,476,33,34,25,100,8,0
209,0,480,33,34,25,100,8,0
210,0,484,33,34,25,100,8,0
211,0,488,34,34,25,100,8,0
212,0,492,34,34,25,100,8,0
213,0,496,34,34,25,100,8,0
214,0,500,34,34,25,100,8,0
215,0,504,35,33,25,100,8,0
216,0,508,35,33,25,100,8,0
217,0,512,35,33,25,100,8,0
219,0,516,35,33,23,100,8,0
220,0,520,35,33,18,100,8,0
221,0,524,35,33,10,100,8,0
222,0,528,35,33,5,100,8,0
223,0,532,35,33,357,100,8,0
225,0,536,35,33,356,100,8,0
226,0,540,35,33,356,100,8,0
231,0,544,34,33,358,100,8,0
232,0,548,34,33,358,100,8,0
234,0,552,34,33,359,100,8,0
238,0,556,34,33,359,100,7,100
239,0,560,34,33,359,100,7,100
242,0,564,34,33,359,100,7,100
245,0,568,35,33,359,100,7,100
246,0,572,35,33,359,100,7,100
249,0,576,35,33,359,100,7,100
251,0,580,35,33,359,100,7,100
253,0,584,35,33,359,100,7,100
255,0,588,35,33,0,100,7,100
1,0,592,35,33,1,100,7,100
3,0,596,35,33,2,100,7,100
14,0,600,35,33,3,100,6,200
17,0,604,35,33,3,100,6,200
19,0,608,35,33,3,100,6,200
22,0,612,35,33,3,100,6,200
24,0,616,35,33,3,100,6,200
27,0,620,35,33,3,100,6,200
29,0,624,36,33,3,100,6,200
32,0,628,36,33,3,100,6,200
34,0,632,36,33,1,100,6,200
38,0,636,36,33,0,100,6,200
43,0,640,36,33,358,100,5,200
48,0,644,36,33,358,100,5,200
51,0,648,36,33,358,100,5,200
55,0,652,36,33,358,100,5,200
56,0,656,36,33,358,100,5,200
59,0,660,36,33,358,100,5,200
64,0,664,36,33,358,100,5,200
70,0,668,36,33,358,100,4,200
77,0,672,36,33,358,100,4,200
80,0,676,36,33,358,100,4,200
85,0,680,36,33,1,100,4,200
89,0,684,36,33,6,100,4,200
94,0,688,36,33,14,100,4,200
100,0,692,36,33,17,100,4,200
103,0,696,36,33,17,100,4,200
104,0,700,36,33,17,100,4,200
107,0,704,37,33,16,100,3,200
108,0,708,37,33,13,100,3,200
111,0,712,36,33,8,100,3,200
114,0,716,36,33,7,100,3,200
117,0,720,36,33,7,100,3,200
121,0,724,36,33,7,100,3,200
126,0,728,36,33,7,100,3,200
131,0,732,36,33,7,100,2,200
134,0,736,36,33,7,100,2,200
141,0,740,36,33,7,100,2,200
147,0,744,36,33,5,100,2,200
149,0,748,36,33,2,100,2,200
151,0,752,36,33,2,100,2,200
154,0,756,36,33,2,100,2,200
156,0,760,36,33,2,100,1,200
159,0,764,36,33,2,100,1,200
163,0,768,37,33,2,100,1,200
168,0,772,37,33,2,100,1,200
171,0,776,37,33,2,100,1,200
173,0,780,37,33,3,100,1,200
175,0,784,37,33,5,100,1,200
176,0,788,37,33,6,100,1,200
181,0,792,37,33,8,100,0,400
183,0,796,37,33,14,100,0,400
185,0,800,37,33,17,100,0,400
187,0,804,37,33,18,100,0,400
188,0,808,37,33,22,100,0,400
191,0,812,37,33,22,100,0,400
194,0,816,37,33,22,100,0,400
199,0,820,37,33,22,100,0,400
203,0,824,37,33,22,100,0,400
207,0,828,37,33,22,100,0,400
209,0,832,37,33,22,100,0,400
210,0,836,37,33,22,100,0,400
213,0,840,37,33,22,100,0,400
217,0,844,37,33,22,100,0,400
220,0,848,37,33,22,100,0,400
222,0,852,37,33,22,100,0,400
224,0,856,37,33,22,100,0,400
225,0,860,37,33,22,100,0,400
227,0,864,37,33,22,100,0,400
228,0,868,37,33,22,100,0,400
232,0,872,37,33,22,100,0,400
236,0,876,37,33,22,100,0,400
241,0,880,37,33,22,100,0,400
248,0,884,37,33,22,100,0,400
254,0,888,37,33,22,100,0,400
4,0,892,37,33,22,100,0,400
12,0,896,37,33,22,100,0,400
16,0,900,37,33,22,100,0,400
22,0,904,37,33,22,100,0,400
24,0,908,37,33,22,100,0,400
26,0,912,37,33,22,100,0,400
28,0,916,37,33,22,100,0,400
30,0,920,37,33,22,100,0,400
32,0,924,37,33,22,100,0,400
37,0,928,37,33,22,100,0,400
42,0,932,37,33,22,100,0,400
44,0,936,37,33,22,100,0,400
47,0,940,37,33,22,100,0,400
49,0,944,37,33,22,100,0,400
51,0,948,37,33,23,100,0,400
54,0,952,37,33,23,100,0,400
58,0,956,37,33,23,100,0,400
60,0,960,37,33,23,100,0,400
62,0,964,37,33,23,100,0,400
64,0,968,37,33,23,100,0,400
66,0,972,37,33,23,100,0,400
70,0,976,37,33,23,100,0,400
73,0,980,37,33,23,100,0,400
74,0,984,37,33,23,100,0,400
75,0,988,37,33,23,100,0,400
78,0,992,37,33,23,100,0,400
79,0,996,37,33,23,100,0,400
82,0,1000,37,33,23,100,0,400
86,0,1004,37,33,23,100,0,400
88,0,1008,37,33,23,100,0,400
90,0,1012,37,33,23,100,0,400
92,0,1016,37,33,23,100,0,400
95,0,1020,37,33,23,100,0,400
98,0,1024,37,33,23,100,0,400
100,0,1028,37,33,23,100,0,400
103,0,1032,37,33,23,100,0,400
106,0,1036,37,33,23,100,0,400
107,0,1040,37,33,23,100,0,400
110,0,1044,37,33,23,100,0,400
112,0,1048,37,33,23,100,0,400
115,0,1052,37,33,23,100,0,400
119,0,1056,37,33,23,100,0,400
122,0,1060,37,33,23,100,0,400
124,0,1064,37,33,23,100,0,400
125,0,1068,37,33,23,100,0,400
127,0,1072,37,33,23,100,0,400
129,0,1076,37,33,23,100,0,400
132,0,1080,37,33,23,100,0,400
135,0,1084,37,33,23,100,0,400
137,0,1088,37,33,23,100,0,400
138,0,1092,37,33,23,100,0,400
140,0,1096,37,33,23,100,0,400
141,0,1100,37,33,23,100,0,400
142,0,1104,37,33,23,100,0,400
145,0,1108,37,33,23,100,0,400
148,0,1112,37,33,23,100,0,900
149,0,1116,37,33,23,100,0,900
151,0,1120,37,33,23,100,0,900
152,0,1124,37,33,23,100,0,900
154,0,1128,37,33,23,100,0,900
155,0,1132,37,33,23,100,0,900
158,0,1136,37,33,23,100,0,900
159,0,1140,37,33,23,100,0,900
160,0,1144,37,33,23,100,0,900
162,0,1148,37,33,26,100,0,900
164,0,1152,38,33,37,100,6,900
166,0,1156,38,33,44,100,6,900
171,0,1160,38,33,50,100,6,900
173,0,1164,38,32,52,100,6,900
176,0,1168,38,32,52,100,6,900
178,0,1172,38,32,52,100,6,900
180,0,1176,38,33,44,100,6,900
182,0,1180,38,33,33,100,6,900
185,0,1184,38,33,17,100,6,900
188,0,1188,38,33,10,100,6,900
189,0,1192,38,33,1,100,6,900
190,0,1196,38,33,1,100,6,900
191,0,1200,38,33,1,100,6,900
194,0,1204,38,33,1,100,6,900
195,0,1208,38,33,1,100,6,900
199,0,1212,38,33,1,100,6,900
201,0,1216,38,33,357,100,6,900
203,0,1220,38,33,350,100,6,900
205,0,1224,38,33,349,100,6,900
208,0,1228,38,33,348,100,6,900
211,0,1232,39,33,348,100,6,900
214,0,1236,39,33,348,100,10,900
217,0,1240,40,33,348,100,10,900
220,0,1244,40,33,349,100,10,900
221,0,1248,40,33,351,100,14,900
222,0,1252,40,33,352,100,14,900
223,0,1256,41,33,354,100,14,900
225,0,1260,41,33,356,100,14,900
228,0,1264,41,33,358,100,14,900
230,0,1268,42,33,358,100,14,900
231,0,1272,42,33,359,100,14,900
232,0,1276,42,33,359,100,14,900
233,0,1280,43,33,359,100,14,900
236,0,1284,43,33,359,100,14,900
238,0,1288,43,33,0,100,14,900
241,0,1292,44,33,1,100,14,900
244,0,1296,44,33,2,100,14,900
245,0,1300,44,33,3,100,14,900
246,0,1304,44,33,4,100,14,900
247,0,1308,44,33,4,100,14,900
250,0,1312,44,33,4,100,14,900
254,0,1316,44,33,4,100,14,900
0,0,1320,44,33,4,100,14,900
6,0,1324,44,33,4,100,14,900
9,0,1328,44,33,4,100,14,900
10,0,1332,44,33,4,100,14,900
14,0,1336,44,33,4,100,14,900
18,0,1340,44,33,4,100,14,900
24,0,1344,44,33,4,100,14,900
28,0,1348,44,33,5,100,14,900
31,0,1352,44,33,7,100,14,900
37,0,1356,44,33,8,100,14,900
42,0,1360,44,33,11,100,13,1100
46,0,1364,44,33,11,100,13,1100
50,0,1368,44,33,12,100,13,1100
56,0,1372,44,33,12,100,12,1100
58,0,1376,44,33,16,100,12,1100
60,0,1380,44,33,17,100,12,1100
64,0,1384,44,33,17,100,11,1500
67,0,1388,44,33,17,100,11,1500
72,0,1392,44,33,16,100,11,1500
73,0,1396,44,33,9,100,10,1500
74,0,1400,44,33,6,100,10,1500
75,0,1404,44,33,5,100,10,1500
78,0,1408,44,33,5,100,9,1500
79,0,1412,44,33,5,100,9,1500
84,0,1416,44,33,5,100,9,1500
89,0,1420,44,33,5,100,8,1500
92,0,1424,44,33,5,100,8,1500
96,0,1428,44,33,5,100,8,1500
99,0,1432,44,33,4,100,7,1500
102,0,1436,44,33,4,100,7,1500
106,0,1440,44,33,4,100,7,1500
111,0,1444,44,33,4,100,6,2000
114,0,1448,43,33,4,100,6,2000
116,0,1452,43,33,4,100,6,2000
119,0,1456,43,33,4,100,5,2100
120,0,1460,43,33,4,100,5,2100
122,0,1464,43,33,4,100,5,2100
124,0,1468,43,33,4,100,5,2100
128,0,1472,43,33,4,100,5,2100
131,0,1476,44,33,4,100,5,2100
133,0,1480,44,33,4,100,5,2100
137,0,1484,44,33,4,100,5,2100
141,0,1488,44,33,4,100,5,2100
145,0,1492,44,33,4,100,5,2100
150,0,1496,44,33,4,100,5,2100
151,0,1500,44,33,4,100,5,2100
154,0,1504,44,33,4,100,5,2100
156,0,1508,44,33,4,100,5,2100
159,0,1512,44,33,5,100,5,2100
161,0,1516,44,33,3,100,5,2100
165,0,1520,44,33,3,100,5,2100
168,0,1524,44,33,3,100,4,2500
169,0,1528,44,33,3,100,4,2500
170,0,1532,44,33,3,100,4,2500
171,0,1536,44,33,3,100,3,2500
174,0,1540,44,33,3,100,3,2500
176,0,1544,44,33,3,100,3,2500
179,0,1548,44,33,3,100,2,2500
181,0,1552,44,33,3,100,2,2500
183,0,1556,45,33,3,100,6,2500
185,0,1560,45,33,3,100,6,2500
187,0,1564,45,33,3,100,6,2500
191,0,1568,45,33,3,100,6,2500
193,0,1572,45,33,3,100,6,2500
195,0,1576,45,33,3,100,6,2500
197,0,1580,45,33,3,100,6,2500
198,0,1584,45,33,3,100,6,2500
199,0,1588,44,33,3,100,6,2500
201,0,1592,44,33,3,100,6,2500
205,0,1596,44,33,3,100,6,2500
208,0,1600,44,33,3,100,6,2500
209,0,1604,44,33,3,100,6,2500
210,0,1608,44,33,3,100,6,2500
211,0,1612,44,33,3,100,6,2500
212,0,1616,44,33,3,100,6,2500
215,0,1620,44,33,3,100,6,2500
219,0,1624,44,33,3,100,6,2500
220,0,1628,44,33,3,100,6,2500
221,0,1632,44,33,3,100,6,2500
223,0,1636,44,33,3,100,6,2500
224,0,1640,44,33,3,100,6,2500
227,0,1644,44,33,3,100,6,2500
229,0,1648,44,33,3,100,6,2500
231,0,1652,44,33,3,100,6,2500
232,0,1656,44,33,3,100,6,2500
233,0,1660,45,33,5,100,6,2500
234,0,1664,45,33,11,100,6,2500
235,0,1668,45,33,14,100,6,2500
239,0,1672,46,33,18,100,6,2500
241,0,1676,46,33,18,100,6,2500
243,0,1680,47,33,18,100,6,2500
244,0,1684,47,33,18,100,6,2500
245,0,1688,47,32,16,100,10,2500
246,0,1692,48,32,9,100,10,2500
249,0,1696,48,32,3,100,10,2500
251,0,1700,48,32,353,100,10,2500
253,0,1704,48,32,344,100,10,2500
255,0,1708,48,33,326,100,10,2500
2,0,1712,48,33,314,100,14,2500
5,0,1716,49,33,301,100,14,2500
7,0,1720,49,33,296,100,14,2500
11,0,1724,49,34,293,100,14,2500
13,0,1728,49,34,289,100,14,2500
14,0,1732,49,34,286,100,14,2500
16,0,1736,49,33,277,100,14,2500
17,0,1740,49,33,268,100,14,2500
18,0,1744,49,32,254,100,14,2500
21,0,1748,49,32,248,100,14,2500
23,0,1752,49,32,248,100,14,2500
25,0,1756,49,32,248,100,14,2500
26,0,1760,49,32,248,100,14,2500
27,0,1764,49,32,248,100,14,2500
28,0,1768,49,32,248,100,14,2500
30,0,1772,49,32,248,100,14,2500
34,0,1776,49,32,244,100,14,2500
35,0,1780,49,32,241,100,14,2500
37,0,1784,49,32,236,100,14,2500
38,0,1788,49,32,231,100,14,2500
39,0,1792,49,32,224,100,14,2500
41,0,1796,49,32,221,100,14,2500
43,0,1800,48,33,221,100,18,2500
46,0,1804,48,33,221,100,18,2500
47,0,1808,48,33,221,100,18,2500
48,0,1812,48,33,224,100,18,2500
49,0,1816,48,33,229,100,18,2500
51,0,1820,48,33,241,100,18,2500
53,0,1824,48,33,249,100,18,2500
56,0,1828,48,33,258,100,18,2500
57,0,1832,48,33,262,100,18,2500
59,0,1836,48,34,268,100,18,2500
60,0,1840,48,34,272,100,18,2500
61,0,1844,48,34,277,100,18,2500
62,0,1848,48,34,278,100,18,2500
65,0,1852,48,35,278,100,18,2500
69,0,1856,48,35,277,100,18,2500
70,0,1860,48,35,275,100,18,2500
71,0,1864,48,35,272,100,18,2500
72,0,1868,48,35,272,100,18,2500
74,0,1872,48,35,272,100,18,2500
76,0,1876,48,35,272,100,18,2500
79,0,1880,48,35,272,100,18,2500
81,0,1884,48,35,272,100,18,2500
83,0,1888,48,35,270,100,18,2500
86,0,1892,48,35,270,100,18,2500
90,0,1896,48,35,270,100,17,2500
94,0,1900,48,35,270,100,17,2500
97,0,1904,48,35,270,100,17,2500
101,0,1908,48,35,270,100,16,2500
103,0,1912,48,35,270,100,16,2500
105,0,1916,48,35,270,100,16,2500
109,0,1920,48,35,270,100,15,2600
115,0,1924,48,35,270,100,15,2600
118,0,1928,48,35,270,100,15,2600
124,0,1932,48,35,270,100,14,2800
126,0,1936,48,35,270,100,14,2800
128,0,1940,48,35,270,100,14,2800
131,0,1944,48,35,269,100,13,2800
133,0,1948,48,35,269,100,13,2800
136,0,1952,48,35,269,100,13,2800
139,0,1956,48,35,269,100,13,2800
143,0,1960,48,35,269,100,13,2800
145,0,1964,48,35,269,100,13,2800
147,0,1968,48,35,269,100,13,2800
148,0,1972,48,35,267,100,13,2800
153,0,1976,48,35,267,100,13,2800
156,0,1980,48,35,267,100,13,2800
159,0,1984,48,36,266,100,13,2800
161,0,1988,48,36,266,100,13,2800
164,0,1992,48,36,266,100,12,2800
165,0,1996,48,36,266,100,12,2800
167,0,2000,48,37,266,100,12,2800
171,0,2004,48,37,266,100,11,2800
174,0,2008,48,37,266,100,11,2800
177,0,2012,48,37,266,100,11,2800
179,0,2016,48,37,266,100,10,2800
180,0,2020,48,38,266,100,10,2800
182,0,2024,48,38,266,100,10,2800
187,0,2028,48,38,266,100,9,2800
189,0,2032,48,38,267,100,9,2800
192,0,2036,48,38,269,100,9,2800
195,0,2040,48,39,270,100,8,3300
196,0,2044,48,39,271,100,8,3300
198,0,2048,48,39,270,100,8,3300
199,0,2052,48,39,270,100,8,3300
203,0,2056,48,39,270,100,8,3300
204,0,2060,48,39,270,100,8,3300
205,0,2064,48,39,270,100,8,3300
206,0,2068,48,39,270,100,8,3300
208,0,2072,48,39,270,100,8,3300
210,0,2076,48,39,270,100,8,3300
213,0,2080,48,39,270,100,8,3300
216,0,2084,48,39,270,100,8,3300
217,0,2088,48,39,270,100,8,3300
219,0,2092,48,39,270,100,16,3300
221,0,2096,48,40,270,100,16,3300
224,0,2100,48,40,270,100,16,3300
227,0,2104,48,40,270,100,16,3300
231,0,2108,48,41,270,100,16,3300
232,0,2112,48,41,270,100,16,3300
233,0,2116,48,41,270,100,16,3300
234,0,2120,48,41,270,100,16,3300
235,0,2124,48,41,270,100,16,3300
238,0,2128,48,40,270,100,16,3300
240,0,2132,48,40,270,100,16,3300
242,0,2136,48,39,270,100,16,3300
243,0,2140,48,39,270,100,16,3300
244,0,2144,48,39,270,100,16,3300
245,0,2148,48,39,270,100,16,3300
247,0,2152,48,40,270,100,16,3300
251,0,2156,48,41,268,100,16,3300
252,0,2160,48,41,266,100,16,3300
253,0,2164,48,42,264,100,16,3300
254,0,2168,48,42,263,100,16,3300
255,0,2172,47,43,259,100,16,3300
1,0,2176,47,44,257,100,16,3300
3,0,2180,47,44,255,100,16,3300
6,0,2184,47,45,253,100,16,3300
8,0,2188,47,45,251,100,16,3300
10,0,2192,47,45,238,100,16,3300
12,0,2196,47,45,227,100,16,3300
13,0,2200,47,46,215,100,16,3300
17,0,2204,47,46,202,100,16,3300
19,0,2208,47,46,193,100,16,3300
22,0,2212,47,46,191,100,16,3300
24,0,2216,47,46,191,100,16,3300
25,0,2220,47,46,191,100,16,3300
26,0,2224,47,46,191,100,16,3300
28,0,2228,47,46,191,100,16,3300
32,0,2232,47,46,191,100,16,3300
35,0,2236,47,46,190,100,16,3300
36,0,2240,47,46,189,100,16,3300
37,0,2244,47,46,189,100,16,3300
38,0,2248,47,46,189,100,16,3300
39,0,2252,47,46,189,100,16,3300
45,0,2256,48,46,188,100,16,3300
49,0,2260,48,46,188,100,16,3300
56,0,2264,48,46,188,100,15,3500
58,0,2268,48,46,188,100,15,3500
59,0,2272,48,46,188,100,15,3500
63,0,2276,48,46,188,100,14,3700
65,0,2280,48,46,188,100,14,3700
71,0,2284,48,46,187,100,14,3700
75,0,2288,48,46,187,100,13,3700
81,0,2292,48,46,187,100,13,3700
86,0,2296,48,46,186,100,13,3700
91,0,2300,48,46,185,100,12,3700
94,0,2304,48,46,183,100,12,3700
99,0,2308,48,46,183,100,12,3700
106,0,2312,48,46,183,100,11,3900
110,0,2316,48,46,183,100,11,3900
114,0,2320,48,46,182,100,11,3900
119,0,2324,48,46,181,100,10,4100
123,0,2328,48,46,181,100,10,4100
127,0,2332,48,46,181,100,10,4100
135,0,2336,48,46,181,100,9,4100
139,0,2340,48,46,181,100,9,4100
143,0,2344,48,46,181,100,9,4100
147,0,2348,48,46,181,100,8,4100
149,0,2352,48,46,181,100,8,4100
152,0,2356,48,46,181,100,8,4100
159,0,2360,48,46,181,100,7,4500
163,0,2364,48,46,181,100,7,4500
165,0,2368,48,46,182,100,7,4500
168,0,2372,48,46,182,100,6,4500
169,0,2376,48,46,182,100,6,4500
171,0,2380,48,46,182,100,6,4500
175,0,2384,48,46,182,100,5,4500
178,0,2388,48,46,182,100,5,4500
181,0,2392,48,46,182,100,5,4500
184,0,2396,48,46,182,100,4,4500
185,0,2400,48,46,180,100,4,4500
187,0,2404,48,46,180,100,4,4500
190,0,2408,48,46,180,100,3,4500
192,0,2412,48,46,180,100,3,4500
195,0,2416,48,46,180,100,3,4500
197,0,2420,48,46,180,100,3,4500
199,0,2424,48,46,180,100,3,4500
201,0,2428,48,46,180,100,3,4500
204,0,2432,48,46,180,100,3,4500
207,0,2436,48,46,180,100,3,4500
212,0,2440,48,46,180,100,3,4500
216,0,2444,48,46,180,100,3,4500
218,0,2448,48,46,180,100,3,4500
222,0,2452,48,46,180,100,2,4500
223,0,2456,48,46,180,100,2,4500
228,0,2460,48,46,180,100,2,4500
233,0,2464,48,46,180,100,1,4500
236,0,2468,48,46,180,100,1,4500
240,0,2472,48,46,180,100,1,4500
242,0,2476,48,46,180,100,0,4500
244,0,2480,48,46,180,100,0,4500
248,0,2484,48,46,180,100,0,4500
253,0,2488,48,46,180,100,0,4500
0,0,2492,47,46,180,100,0,4500
3,0,2496,47,46,180,100,0,4500
6,0,2500,47,46,180,100,0,4500
9,0,2504,47,46,180,100,0,4500
12,0,2508,47,46,180,100,0,4500
16,0,2512,47,46,180,100,0,4500
19,0,2516,47,46,183,100,0,4500
23,0,2520,47,46,183,100,0,4500
25,0,2524,47,46,183,100,0,4500
26,0,2528,47,46,183,100,0,4500
29,0,2532,47,46,183,94,0,4500
31,0,2536,47,46,183,94,0,4500
34,0,2540,47,46,183,94,0,4500
36,0,2544,47,46,183,94,0,4500
41,0,2548,47,46,183,88,0,4500
45,0,2552,47,46,183,88,0,4500
48,0,2556,47,46,183,88,0,4500
52,0,2560,47,46,183,88,0,4500
57,0,2564,47,46,183,88,0,4500
64,0,2568,47,46,191,88,0,4500
65,0,2572,47,46,204,88,0,4500
70,0,2576,47,45,224,88,0,4500
73,0,2580,48,45,224,88,0,4500
74,0,2584,49,45,224,88,0,4500
77,0,2588,49,45,224,88,0,4500
80,0,2592,49,44,224,88,0,4500
83,0,2596,48,44,224,88,0,4500
85,0,2600,48,44,224,88,0,4500
86,0,2604,48,44,229,88,0,4500
87,0,2608,47,44,239,88,0,4500
88,0,2612,47,45,251,88,0,4500
90,0,2616,47,45,255,88,0,4500
93,0,2620,47,45,255,88,0,4500
95,0,2624,47,45,255,88,0,4500
97,0,2628,47,45,254,88,0,4500
98,0,2632,47,45,248,88,0,4500
102,0,2636,47,45,241,54,0,4500
106,0,2640,47,45,234,54,0,4500
108,0,2644,47,45,235,54,0,4500
112,0,2648,47,45,239,54,0,4500
114,0,2652,47,45,240,54,0,4500
115,0,2656,47,45,240,54,0,4500
116,0,2660,47,45,240,54,0,4500
118,0,2664,47,45,240,54,0,4500
121,0,2668,47,45,240,54,0,4500
125,0,2672,47,45,241,54,0,4500
127,0,2676,47,45,241,54,0,4500
130,0,2680,47,45,241,54,0,4500
132,0,2684,47,45,241,54,0,4500
134,0,2688,47,45,241,54,0,4500
137,0,2692,47,45,241,54,0,4500
140,0,2696,47,45,241,54,0,4500
143,0,2700,47,45,241,54,0,4500
144,0,2704,47,45,244,54,0,4500
145,0,2708,47,45,248,54,0,4500
146,0,2712,47,45,248,54,0,4500
149,0,2716,47,45,248,54,0,4500
153,0,2720,47,45,248,26,0,4500
156,0,2724,47,45,248,26,0,4500
159,0,2728,47,45,248,26,0,4500
160,0,2732,47,45,248,26,0,4500
162,0,2736,47,45,248,26,0,4500
165,0,2740,47,45,248,26,0,4500
167,0,2744,47,45,248,26,0,4500
170,0,2748,47,45,248,26,0,4500
174,0,2752,47,45,248,26,0,4500
175,0,2756,47,45,248,26,0,4500
176,0,2760,47,45,248,26,0,4500
178,0,2764,47,45,248,26,0,4500
180,0,2768,47,45,253,26,0,4500
182,0,2772,47,45,262,26,0,4500
185,0,2776,47,45,270,26,0,4500
186,0,2780,47,45,270,26,0,4500
187,0,2784,47,45,270,26,0,4500
189,0,2788,47,45,270,26,0,4500
190,0,2792,47,45,269,26,0,4500
195,0,2796,47,45,268,26,0,4500
198,0,2800,47,45,268,26,0,4500
200,0,2804,47,45,268,26,0,4500
201,0,2808,47,45,268,26,0,4500
203,0,2812,47,45,268,26,0,4500
205,0,2816,47,45,268,26,0,4500
208,0,2820,47,45,268,26,0,4500
211,0,2824,47,45,268,26,0,4500
213,0,2828,47,45,268,26,0,4500
214,0,2832,47,45,268,26,0,4500
215,0,2836,47,45,268,26,0,4500
216,0,2840,47,45,268,26,0,4500
219,0,2844,47,45,268,26,0,4500
222,0,2848,47,45,268,26,0,4500
226,0,2852,47,45,268,26,0,4500
227,0,2856,47,45,268,26,0,4500
228,0,2860,47,45,268,26,0,4500
229,0,2864,47,45,268,26,0,4500
230,0,2868,47,45,268,26,0,4500
234,0,2872,47,45,268,26,0,4500
236,0,2876,47,45,268,26,0,4500
239,0,2880,47,45,268,26,0,4500
240,0,2884,47,45,268,26,0,4500
241,0,2888,47,45,268,26,0,4500
243,0,2892,47,45,268,26,0,4500
245,0,2896,47,45,268,26,0,4500
250,0,2900,47,45,268,26,0,5000
251,0,2904,47,45,268,26,0,5000
252,0,2908,47,45,268,26,0,5000
253,0,2912,47,45,268,26,0,5000
254,0,2916,47,45,268,26,0,5000
255,0,2920,47,45,268,26,0,5000
3,0,2924,47,45,268,26,0,5000
5,0,2928,47,45,268,26,0,5000
7,0,2932,47,45,268,26,0,5000
8,0,2936,47,45,268,26,0,5000
9,0,2940,47,45,268,26,0,5000
10,0,2944,47,45,268,26,0,5000
12,0,2948,47,45,268,26,4,5000
16,0,2952,47,46,268,26,4,5000
18,0,2956,47,46,268,26,4,5000
19,0,2960,47,46,269,26,4,5000
21,0,2964,47,45,269,26,4,5000
22,0,2968,47,45,269,26,4,5000
24,0,2972,47,44,269,26,4,5000
26,0,2976,47,44,268,26,4,5000
30,0,2980,47,44,268,26,4,5000
31,0,2984,47,44,268,26,4,5000
32,0,2988,47,44,268,26,4,5000
33,0,2992,47,44,268,26,4,5000
36,0,2996,47,44,268,26,4,5000
37,0,3000,47,44,268,26,4,5000
41,0,3004,47,44,268,26,4,5000
42,0,3008,47,44,268,26,4,5000
43,0,3012,47,44,268,26,4,5000
44,0,3016,47,44,268,26,4,5000
45,0,3020,47,44,268,26,4,5000
46,0,3024,47,44,268,26,4,5000
49,0,3028,47,44,268,26,4,5000
52,0,3032,47,44,268,26,4,5000
53,0,3036,47,44,268,26,4,5000
54,0,3040,47,44,268,26,4,5000
55,0,3044,47,44,268,26,4,5000
57,0,3048,47,44,268,26,4,5000
61,0,3052,47,44,268,26,4,5000
63,0,3056,47,44,268,26,4,5000
64,0,3060,47,44,268,26,4,5000
65,0,3064,47,44,268,26,4,5000
67,0,3068,47,44,268,26,4,5000
68,0,3072,47,44,268,26,4,5000
71,0,3076,47,44,268,26,4,5000
73,0,3080,47,44,268,26,4,5000
75,0,3084,47,44,268,26,4,5000
76,0,3088,47,44,268,26,4,5000
77,0,3092,47,44,268,26,4,5000
78,0,3096,47,44,267,26,4,5000
81,0,3100,47,44,267,26,4,5000
82,0,3104,47,44,267,26,4,5000
87,0,3108,47,44,267,26,4,5000
88,0,3112,47,44,267,26,4,5000
89,0,3116,47,44,266,26,4,5000
90,0,3120,47,44,266,26,4,5000
92,0,3124,47,44,266,26,4,5000
94,0,3128,47,44,266,26,4,5000
96,0,3132,47,44,265,26,4,5000
98,0,3136,47,44,265,26,4,5000
99,0,3140,47,44,265,26,4,5000
101,0,3144,47,44,265,26,4,5000
102,0,3148,47,44,265,26,4,5000
105,0,3152,47,44,265,26,4,5000
108,0,3156,47,44,264,26,4,5000
109,0,3160,47,45,261,26,4,5000
110,0,3164,47,45,258,26,4,5000
111,0,3168,47,45,252,26,4,5000
113,0,3172,47,45,246,26,4,5000
115,0,3176,47,45,242,26,4,5000
118,0,3180,47,45,236,26,4,5000
119,0,3184,47,45,228,26,4,5000
121,0,3188,47,45,223,26,4,5000
123,0,3192,47,46,212,26,4,5000
124,0,3196,47,46,204,26,4,5000
125,0,3200,47,46,196,26,4,5000
128,0,3204,47,46,195,26,4,5000
130,0,3208,47,46,195,26,4,5000
132,0,3212,47,46,194,26,4,5000
133,0,3216,47,46,190,26,4,5000
134,0,3220,47,46,188,26,4,5000
135,0,3224,47,46,184,26,4,5000
138,0,3228,47,46,181,26,4,5000
140,0,3232,47,46,179,26,4,5000
142,0,3236,47,46,179,26,4,5000
143,0,3240,47,46,179,26,4,5000
144,0,3244,47,46,179,26,4,5000
145,0,3248,47,46,179,26,4,5000
147,0,3252,47,46,179,26,4,5000
149,0,3256,47,46,179,26,4,5000
153,0,3260,47,46,179,26,4,5000
154,0,3264,47,46,179,26,4,5000
155,0,3268,47,46,179,26,4,5000
156,0,3272,47,46,179,26,4,5000
159,0,3276,47,46,179,26,4,5000
161,0,3280,47,46,179,26,4,5000
165,0,3284,47,46,179,26,4,5000
166,0,3288,47,46,179,26,4,5000
167,0,3292,47,46,179,26,4,5000
168,0,3296,47,46,179,26,4,5000
169,0,3300,47,46,177,26,4,5000
172,0,3304,47,46,177,26,3,5000
174,0,3308,47,46,177,26,3,5000
178,0,3312,47,46,177,26,3,5000
180,0,3316,47,46,177,26,2,5400
181,0,3320,47,46,177,26,2,5400
182,0,3324,47,46,177,26,2,5400
184,0,3328,47,46,177,26,1,5400
187,0,3332,47,46,177,26,1,5400
190,0,3336,47,46,177,26,1,5400
191,0,3340,47,46,177,26,0,5400
194,0,3344,47,46,177,26,0,5400
196,0,3348,47,46,177,26,0,5400
197,0,3352,47,46,177,26,0,5400
199,0,3356,47,46,177,26,0,5400
201,0,3360,47,46,177,26,0,5400
206,0,3364,47,46,176,26,0,5400
208,0,3368,47,46,175,26,0,5400
210,0,3372,47,46,175,26,0,5400
212,0,3376,47,46,172,26,0,5400
214,0,3380,47,46,170,26,0,5400
218,0,3384,47,46,170,26,0,5400
221,0,3388,47,46,170,26,0,5400
223,0,3392,47,46,170,26,0,5400
224,0,3396,47,46,170,26,0,5400
225,0,3400,47,46,173,26,0,5400
226,0,3404,47,46,175,26,0,5400
230,0,3408,46,46,175,26,0,5400
233,0,3412,46,46,173,26,0,5400
236,0,3416,46,46,172,26,0,5400
237,0,3420,46,46,169,26,0,5400
238,0,3424,46,46,167,26,0,5400
240,0,3428,46,46,166,26,0,5400
242,0,3432,46,46,166,26,0,5400
245,0,3436,46,46,166,26,0,5400
248,0,3440,46,46,166,26,0,5400
250,0,3444,46,46,166,26,0,5400
252,0,3448,46,46,166,26,0,5400
253,0,3452,46,46,166,26,0,5400
254,0,3456,46,46,166,26,0,5400
1,0,3460,46,46,166,26,0,5400
3,0,3464,46,46,166,26,0,5400
6,0,3468,46,46,166,26,0,5400
7,0,3472,46,46,167,26,0,5400
9,0,3476,46,46,170,26,0,5400
11,0,3480,46,46,171,26,0,5400
12,0,3484,46,46,172,26,0,5400
17,0,3488,46,46,172,26,0,5500
19,0,3492,46,46,172,26,0,5500
20,0,3496,46,46,172,26,0,5500
22,0,3500,46,46,172,26,0,5500
23,0,3504,46,46,172,26,0,5500
24,0,3508,46,46,172,26,0,5500
27,0,3512,46,46,172,26,0,5500
29,0,3516,46,46,172,26,0,5500
31,0,3520,46,46,172,26,0,5500
32,0,3524,46,46,172,26,0,5500
33,0,3528,46,46,172,26,0,5500
34,0,3532,46,46,172,26,0,5500
36,0,3536,46,46,172,26,0,5500
40,0,3540,46,46,172,26,0,5500
42,0,3544,46,46,175,26,0,5500
45,0,3548,45,46,177,26,8,5500
47,0,3552,45,46,177,26,8,5500
48,0,3556,45,46,178,26,12,5500
49,0,3560,45,46,178,26,12,5500
51,0,3564,45,46,178,26,12,5500
55,0,3568,45,46,178,26,12,5500
58,0,3572,45,46,178,26,12,5500
59,0,3576,45,46,178,26,12,5500
60,0,3580,45,46,178,26,12,5500
61,0,3584,44,46,182,26,12,5500
62,0,3588,44,46,182,26,12,5500
64,0,3592,43,46,182,26,12,5500
68,0,3596,42,46,182,26,12,5500
69,0,3600,42,46,183,26,12,5500
70,0,3604,42,46,186,26,12,5500
72,0,3608,41,46,188,26,12,5500
73,0,3612,41,46,192,26,20,5500
75,0,3616,40,46,192,26,20,5500
78,0,3620,40,46,189,26,20,5500
80,0,3624,40,46,186,26,20,5500
81,0,3628,40,46,186,26,20,5500
82,0,3632,40,46,186,26,20,5500
84,0,3636,40,46,187,26,20,5500
86,0,3640,40,46,191,26,20,5500
88,0,3644,41,46,197,26,20,5500
91,0,3648,41,46,209,26,20,5500
92,0,3652,41,46,217,26,20,5500
93,0,3656,41,46,226,26,20,5500
94,0,3660,41,46,229,26,20,5500
95,0,3664,41,46,229,26,20,5500
100,0,3668,41,46,229,26,20,5500
101,0,3672,40,47,225,51,20,5500
103,0,3676,40,47,217,51,20,5500
104,0,3680,40,47,211,76,20,5500
105,0,3684,40,47,203,76,20,5500
106,0,3688,39,47,197,76,20,5500
107,0,3692,39,47,187,76,20,5500
109,0,3696,39,47,180,76,20,5500
113,0,3700,39,47,168,76,20,5500
114,0,3704,39,47,154,76,20,5500
115,0,3708,39,47,147,76,20,5500
116,0,3712,39,47,137,76,20,5500
118,0,3716,39,47,131,76,20,5500
119,0,3720,39,47,124,76,20,5500
123,0,3724,39,47,122,76,20,5500
125,0,3728,39,46,123,76,28,5500
126,0,3732,39,46,126,76,28,5500
127,0,3736,39,46,130,76,28,5500
129,0,3740,38,46,130,76,28,5500
131,0,3744,38,46,125,76,28,5500
135,0,3748,38,46,113,76,36,5500
136,0,3752,38,45,108,76,36,5500
137,0,3756,38,45,105,76,36,5500
138,0,3760,38,45,105,76,36,5500
139,0,3764,38,45,102,76,36,5500
140,0,3768,38,46,97,76,36,5500
144,0,3772,38,46,96,76,36,5500
145,0,3776,38,46,95,76,36,5500
148,0,3780,38,46,94,76,36,5500
149,0,3784,38,46,94,76,36,5500
150,0,3788,38,46,94,76,36,5500
151,0,3792,38,46,94,76,36,5500
153,0,3796,38,46,94,76,36,5500
155,0,3800,38,46,94,76,36,5500
158,0,3804,38,46,82,76,36,5500
159,0,3808,38,46,73,76,36,5500
160,0,3812,38,46,66,76,36,5500
161,0,3816,39,46,64,76,36,5500
164,0,3820,39,46,63,76,36,5500
167,0,3824,39,45,63,76,36,5500
170,0,3828,39,45,64,76,36,5500
171,0,3832,39,45,66,76,44,5500
172,0,3836,39,45,68,76,44,5500
173,0,3840,39,44,73,76,44,5500
174,0,3844,39,44,78,76,44,5500
176,0,3848,39,44,80,76,44,5500
181,0,3852,39,44,77,76,44,5500
183,0,3856,39,44,61,76,44,5500
184,0,3860,39,44,43,76,44,5500
185,0,3864,39,44,36,76,44,5500
186,0,3868,39,44,28,76,52,5500
187,0,3872,40,44,22,76,52,5500
192,0,3876,40,44,16,76,52,5500
193,0,3880,40,44,14,76,52,5500
194,0,3884,39,44,3,76,52,5500
195,0,3888,39,44,356,76,52,5500
197,0,3892,39,44,348,76,52,5500
198,0,3896,39,44,341,76,52,5500
202,0,3900,39,44,334,76,52,5500
205,0,3904,39,44,327,76,52,5500
207,0,3908,39,44,320,76,52,5500
209,0,3912,39,44,313,76,52,5500
210,0,3916,39,44,306,76,52,5500
213,0,3920,39,44,304,76,52,5500
216,0,3924,39,44,303,76,52,5500
219,0,3928,39,44,303,76,52,5500
220,0,3932,40,45,306,76,60,5500
221,0,3936,40,45,314,76,60,5500
222,0,3940,40,45,320,76,60,5500
223,0,3944,40,45,330,76,60,5500
226,0,3948,40,45,339,76,60,5500
228,0,3952,40,45,356,76,60,5500
231,0,3956,40,45,8,76,60,5500
232,0,3960,40,45,26,76,60,5500
233,0,3964,40,45,36,76,60,5500
235,0,3968,40,45,49,76,60,5500
236,0,3972,40,45,57,76,60,5500
238,0,3976,40,45,61,76,60,5500
241,0,3980,40,45,68,76,60,5500
242,0,3984,40,45,74,76,60,5500
243,0,3988,40,45,79,76,60,5500
244,0,3992,40,45,82,76,60,5500
246,0,3996,40,44,85,76,60,5500
248,0,4000,40,44,88,76,60,5500
251,0,4004,40,44,91,76,60,5500
252,0,4008,40,44,92,76,60,5500
253,0,4012,40,44,94,76,60,5500
254,0,4016,40,44,94,76,60,5500
255,0,4020,40,44,94,76,60,5500
2,0,4024,40,44,94,76,60,5500
4,0,4028,40,44,94,76,60,5500
7,0,4032,40,44,94,76,60,5500
8,0,4036,40,44,94,76,60,5500
9,0,4040,40,44,94,76,60,5500
10,0,4044,40,44,94,76,60,5500
12,0,4048,40,44,94,76,60,5500
14,0,4052,40,44,94,76,60,5500
19,0,4056,40,44,94,76,60,5500
21,0,4060,40,44,94,76,60,5500
22,0,4064,40,44,94,76,60,5500
23,0,4068,40,44,94,76,60,5500
24,0,4072,40,44,94,76,60,5500
25,0,4076,40,44,94,76,60,5500
30,0,4080,40,44,94,76,60,5500
32,0,4084,40,44,94,76,60,5500
33,0,4088,40,44,94,76,60,5500
34,0,4092,40,44,94,76,60,5500
35,0,4096,40,44,94,76,60,5500
37,0,4100,40,44,94,76,60,5500
38,0,4104,40,44,94,76,60,5500
43,0,4108,40,44,94,76,60,5500
44,0,4112,40,44,94,76,60,5500
45,0,4116,40,44,94,76,60,5500
46,0,4120,40,44,94,76,60,5500
47,0,4124,40,44,94,76,60,5500
48,0,4128,40,44,94,76,60,5500
52,0,4132,40,44,94,76,60,5500
54,0,4136,40,44,94,76,60,5500
55,0,4140,40,44,94,76,60,5500
56,0,4144,40,44,94,76,60,5500
57,0,4148,40,44,94,76,60,5500
59,0,4152,40,44,94,76,60,5500
62,0,4156,40,44,94,76,60,5500
66,0,4160,40,44,94,76,60,5500
67,0,4164,40,44,94,76,60,5500
68,0,4168,40,44,94,76,60,5500
69,0,4172,40,44,94,76,60,5500
70,0,4176,40,44,94,76,60,5500
71,0,4180,40,44,94,76,60,5500
76,0,4184,40,44,94,76,60,5500
78,0,4188,40,44,94,76,60,5500
80,0,4192,40,44,94,76,60,5500
81,0,4196,40,44,94,76,60,5500
83,0,4200,40,44,94,76,60,5500
85,0,4204,40,44,94,76,60,5500
89,0,4208,40,44,94,76,60,5500
92,0,4212,40,44,94,76,60,5500
93,0,4216,40,44,94,76,60,5500
94,0,4220,40,44,94,76,60,5500
95,0,4224,40,44,94,76,60,5500
97,0,4228,40,44,94,76,60,5500
99,0,4232,40,44,94,76,60,5500
103,0,4236,40,44,94,76,60,5500
104,0,4240,40,44,94,76,60,5500
105,0,4244,40,44,94,76,60,5500
106,0,4248,40,44,94,76,60,5500
107,0,4252,40,44,94,76,60,5500
110,0,4256,40,44,94,76,60,5500
113,0,4260,40,44,94,76,60,5500
114,0,4264,40,44,94,76,60,5500
115,0,4268,40,44,94,76,60,5500
116,0,4272,40,44,94,76,60,5500
117,0,4276,40,44,94,76,60,5500
118,0,4280,40,44,94,76,60,5500
119,0,4284,40,44,94,76,60,5500
124,0,4288,40,44,94,76,60,5500
125,0,4292,40,44,94,76,60,5500
126,0,4296,40,44,94,76,60,5500
127,0,4300,40,44,94,76,60,5500
129,0,4304,40,44,94,76,60,5500
132,0,4308,40,44,94,76,60,5500
134,0,4312,40,44,94,76,60,5500
136,0,4316,40,44,94,76,60,5500
137,0,4320,40,44,94,76,60,5500
138,0,4324,40,44,94,76,60,5500
139,0,4328,40,44,94,76,60,5500
140,0,4332,40,44,94,76,60,5500
144,0,4336,40,44,94,76,60,5500
146,0,4340,40,44,94,76,60,5500
147,0,4344,40,44,94,76,60,5500
148,0,4348,40,43,94,76,60,5500
149,0,4352,40,43,94,76,60,5500
150,0,4356,40,43,94,76,60,5500
153,0,4360,40,43,94,76,60,5500
156,0,4364,40,43,92,76,60,5500
158,0,4368,40,43,88,76,60,5500
159,0,4372,40,43,84,76,60,5500
160,0,4376,40,43,77,76,60,5500
161,0,4380,40,43,69,76,60,5500
162,0,4384,40,43,64,76,60,5500
165,0,4388,40,43,58,76,60,5500
168,0,4392,40,43,56,76,60,5500
169,0,4396,40,43,55,76,60,5500
170,0,4400,40,43,55,76,60,5500
171,0,4404,40,43,55,76,60,5500
172,0,4408,40,42,55,76,60,5500
177,0,4412,40,42,55,76,60,5500
178,0,4416,41,42,55,76,60,5500
179,0,4420,41,42,55,76,60,5500
180,0,4424,41,42,55,76,60,5500
181,0,4428,41,42,55,76,60,5500
182,0,4432,41,41,55,76,60,5500
183,0,4436,42,41,55,76,60,5500
187,0,4440,42,41,57,76,66,5500
188,0,4444,42,40,59,76,66,5500
188,0,4448,42,40,62,76,66,5500
188,0,4452,42,40,65,76,66,5500
188,0,4456,42,40,67,76,66,5500
188,0,4460,42,40,73,76,66,5500
192,0,4464,42,40,77,76,66,5500
193,0,4468,42,39,83,76,74,5500
193,0,4472,42,39,86,76,74,5500
193,0,4476,42,39,89,76,74,5500
193,0,4480,42,39,90,76,82,5500
193,0,4484,42,38,92,76,82,5500
196,0,4488,42,38,95,76,82,5500
197,0,4492,42,38,102,76,90,5500
197,0,4496,42,38,113,76,90,5500
197,0,4500,42,38,131,76,90,5500
197,0,4504,42,38,151,76,90,5500
197,0,4508,42,38,168,76,90,5500
198,0,4512,42,38,180,76,90,5500
201,0,4516,42,38,187,76,90,5500
201,0,4520,42,38,194,76,90,5500
201,0,4524,42,38,201,76,90,5500
201,0,4528,42,38,208,76,90,5500
201,0,4532,42,37,218,76,90,5500
201,0,4536,42,37,238,76,90,5500
204,0,4540,42,37,255,76,90,5500
205,0,4544,42,37,275,76,90,5500
205,0,4548,42,37,288,76,90,5500
205,0,4552,42,37,301,76,90,5500
205,0,4556,42,37,309,76,90,5500
205,0,4560,42,37,317,76,90,5500
207,0,4564,42,37,324,100,90,5500
209,0,4568,42,37,330,100,90,5500
209,0,4572,43,37,327,100,90,5500
209,0,4576,43,38,316,100,90,5500
209,0,4580,43,38,301,100,90,5500
209,0,4584,43,38,291,100,90,5500
211,0,4588,43,38,275,100,90,5500
213,0,4592,43,38,264,100,90,5500
214,0,4596,43,38,251,100,90,5500
215,0,4600,43,39,244,100,90,5500
216,0,4604,43,39,236,100,90,5500
217,0,4608,43,39,234,100,90,5500
218,0,4612,43,39,231,100,90,5500
220,0,4616,42,40,230,100,90,5500
224,0,4620,42,40,230,100,90,5500
225,0,4624,42,40,230,100,90,5500
226,0,4628,42,40,230,100,90,5500
227,0,4632,41,41,231,100,90,5500
228,0,4636,41,41,231,100,90,5500
231,0,4640,41,41,231,100,90,5500
233,0,4644,41,42,231,100,90,5500
235,0,4648,41,42,231,100,90,5500
236,0,4652,40,42,233,100,90,5500
237,0,4656,40,42,234,100,90,5500
238,0,4660,40,43,239,100,90,5500
239,0,4664,40,43,242,100,90,5500
244,0,4668,40,44,248,100,90,5500
245,0,4672,40,44,262,100,90,5500
246,0,4676,40,44,282,100,90,5500
248,0,4680,40,45,302,100,90,5500
249,0,4684,40,45,318,100,90,5500
250,0,4688,41,45,338,100,90,5500
253,0,4692,41,45,354,100,90,5500
0,0,4696,41,45,1,100,90,5500
2,0,4700,41,45,1,100,90,5500
3,0,4704,41,45,1,100,90,5500
4,0,4708,41,45,1,100,90,5500
5,0,4712,41,45,1,100,90,5500
6,0,4716,41,45,358,100,90,5500
10,0,4720,41,45,351,100,90,5500
12,0,4724,41,45,350,100,90,5500
13,0,4728,42,45,350,100,90,5500
14,0,4732,42,45,350,100,90,5500
16,0,4736,43,45,350,100,90,5500
18,0,4740,43,45,350,100,90,5500
21,0,4744,44,45,350,100,90,5500
23,0,4748,44,45,350,100,90,5500
24,0,4752,44,46,350,100,90,5500
25,0,4756,45,46,348,100,90,5500
26,0,4760,45,46,348,100,90,5500
27,0,4764,45,46,348,100,90,5500
28,0,4768,45,46,348,100,90,5500
33,0,4772,45,46,349,100,90,5500
34,0,4776,45,46,350,100,90,5500
35,0,4780,45,46,350,100,90,5500
37,0,4784,45,46,351,100,90,5500
38,0,4788,45,46,351,100,90,5500
39,0,4792,45,46,351,100,90,5500
44,0,4796,45,46,351,100,90,5500
45,0,4800,45,46,351,100,90,5500
46,0,4804,45,46,351,100,90,5500
47,0,4808,45,46,351,100,90,5500
48,0,4812,45,46,351,100,90,5500
50,0,4816,45,46,351,100,90,5500
53,0,4820,45,46,351,100,90,5500
55,0,4824,45,46,351,100,90,5500
56,0,4828,45,46,351,100,90,5500
57,0,4832,45,46,351,100,90,5500
59,0,4836,45,46,351,100,90,5500
60,0,4840,45,46,350,100,90,5500
64,0,4844,45,46,350,100,90,5500
66,0,4848,46,46,350,100,90,5500
67,0,4852,46,46,351,100,90,5500
68,0,4856,47,46,5,100,90,5500
69,0,4860,47,46,20,100,90,5500
70,0,4864,48,46,40,100,90,5500
71,0,4868,48,45,58,100,90,5500
75,0,4872,48,45,72,100,90,5500
77,0,4876,48,44,89,100,90,5500
78,0,4880,48,44,100,100,90,5500
79,0,4884,48,44,108,100,90,5500
80,0,4888,48,44,108,100,90,5500
81,0,4892,48,44,106,100,90,5500
84,0,4896,48,43,103,100,90,5500
87,0,4900,48,42,99,100,90,5500
89,0,4904,48,41,97,100,90,5500
90,0,4908,48,41,95,100,90,5500
91,0,4912,48,40,94,100,90,5500
92,0,4916,47,39,93,100,90,5500
96,0,4920,48,39,87,100,90,5500
98,0,4924,48,38,84,100,90,5500
99,0,4928,48,38,80,100,90,5500
101,0,4932,48,38,77,100,90,5500
102,0,4936,48,38,72,100,90,5500
103,0,4940,48,37,68,100,90,5500
104,0,4944,48,37,68,100,90,5500
108,0,4948,48,37,73,100,90,5500
110,0,4952,48,37,77,100,90,5500
112,0,4956,48,37,81,100,90,5500
114,0,4960,48,37,83,100,90,5500
116,0,4964,48,37,84,100,90,5500
118,0,4968,48,37,84,100,90,5500
121,0,4972,48,37,84,100,90,5500
125,0,4976,48,37,84,100,90,5500
127,0,4980,48,37,84,100,90,5500
128,0,4984,48,37,84,100,90,5500
129,0,4988,48,37,84,100,90,5500
130,0,4992,48,37,84,100,90,5500
131,0,4996,48,37,84,100,90,5500
136,0,5000,48,37,84,100,90,5500
137,0,5004,48,37,84,100,90,5500
138,0,5008,48,37,84,100,90,5500
139,0,5012,48,37,85,100,90,5500
140,0,5016,48,37,86,100,90,5500
141,0,5020,48,37,89,100,90,5500
145,0,5024,48,36,89,100,90,5500
147,0,5028,48,35,89,100,90,5500
148,0,5032,48,35,89,100,90,5500
149,0,5036,48,34,89,100,90,5500
150,0,5040,48,33,89,100,90,5500
151,0,5044,48,32,89,100,90,5500
152,0,5048,48,32,89,100,90,5500
157,0,5052,48,31,89,100,90,5500
158,0,5056,48,31,89,100,90,5500
159,0,5060,48,31,89,100,90,5500
160,0,5064,48,31,89,100,90,5500
161,0,5068,48,31,89,100,90,5500
164,0,5072,48,31,90,100,90,5500
170,0,5076,48,31,91,100,90,5500
172,0,5080,48,31,92,100,90,5500
173,0,5084,48,31,93,100,90,5500
176,0,5088,48,31,93,100,90,5500
179,0,5092,48,31,93,100,90,5500
180,0,5096,48,31,93,100,90,5500
183,0,5100,48,31,93,100,90,5500
188,0,5104,48,31,93,100,90,5500
190,0,5108,48,31,93,100,90,5500
193,0,5112,48,31,93,100,89,5500
197,0,5116,48,31,92,100,89,5500
202,0,5120,48,31,92,100,88,5700
207,0,5124,48,31,92,100,87,5800
213,0,5128,48,31,92,100,87,5800
215,0,5132,48,31,93,100,86,5800
217,0,5136,48,31,93,100,85,5800
220,0,5140,48,31,93,100,85,5800
223,0,5144,48,31,94,100,84,5800
227,0,5148,48,31,96,100,83,5800
231,0,5152,48,31,97,100,83,5800
235,0,5156,48,31,97,100,82,5800
238,0,5160,48,31,97,100,81,5800
239,0,5164,48,31,98,100,81,5800
243,0,5168,48,31,99,100,80,5800
245,0,5172,48,31,99,100,79,5800
249,0,5176,48,31,99,100,79,5800
252,0,5180,48,31,99,100,78,5800
253,0,5184,48,30,99,100,78,5800
255,0,5188,48,29,95,100,78,5800
2,0,5192,48,29,93,100,78,5800
3,0,5196,48,29,91,100,78,5800
6,0,5200,48,29,91,100,78,5800
10,0,5204,48,29,91,100,78,5800
13,0,5208,48,29,91,100,78,5800
14,0,5212,48,29,95,100,78,5800
16,0,5216,48,29,100,100,77,5800
17,0,5220,48,29,100,100,77,5800
19,0,5224,48,29,100,100,76,6300
22,0,5228,48,29,101,100,75,6300
25,0,5232,48,30,105,100,75,6300
26,0,5236,48,30,106,100,74,6300
27,0,5240,48,30,106,100,73,6300
28,0,5244,48,30,106,100,73,6300
29,0,5248,48,29,106,100,72,6300
32,0,5252,48,29,103,100,72,6300
35,0,5256,48,29,99,100,72,6300
37,0,5260,48,28,92,100,76,6300
38,0,5264,48,28,85,100,76,6300
39,0,5268,48,28,83,100,76,6300
40,0,5272,48,28,83,100,76,6300
41,0,5276,48,27,83,100,76,6300
45,0,5280,48,27,83,100,76,6300
47,0,5284,48,27,85,100,76,6300
48,0,5288,48,26,87,100,76,6300
49,0,5292,48,25,88,100,76,6300
50,0,5296,48,25,88,100,76,6300
51,0,5300,48,24,88,100,76,6300
55,0,5304,48,24,90,100,80,6300
57,0,5308,48,23,91,100,80,6300
59,0,5312,48,23,93,100,80,6300
60,0,5316,48,23,100,100,80,6300
61,0,5320,48,22,106,100,80,6300
62,0,5324,48,22,113,100,80,6300
64,0,5328,48,22,118,100,80,6300
68,0,5332,48,22,124,100,80,6300
69,0,5336,48,21,128,100,80,6300
70,0,5340,47,21,133,100,80,6300
71,0,5344,47,21,141,100,80,6300
72,0,5348,47,21,147,100,80,6300
73,0,5352,47,21,160,100,80,6300
77,0,5356,47,21,170,100,80,6300
79,0,5360,47,21,182,100,80,6300
85,0,5364,47,21,183,100,80,6300
87,0,5368,47,21,183,100,80,6300
95,0,5372,48,21,183,100,80,6300
101,0,5376,48,21,183,100,79,6300
102,0,5380,48,21,183,100,79,6300
111,0,5384,48,21,183,100,78,6300
118,0,5388,48,21,185,100,77,6500
122,0,5392,48,21,185,100,77,6500
128,0,5396,48,21,185,100,76,6700
131,0,5400,48,21,185,100,75,6700
137,0,5404,48,21,185,100,75,6700
143,0,5408,48,21,185,100,74,6900
151,0,5412,48,21,183,100,73,7100
155,0,5416,47,21,180,100,73,7100
158,0,5420,47,21,179,100,72,7100
163,0,5424,47,21,178,100,71,7100
167,0,5428,47,21,178,100,71,7100
178,0,5432,47,21,177,100,70,7100
185,0,5436,47,21,177,100,69,7100
189,0,5440,47,21,177,100,69,7100
195,0,5444,47,21,177,100,68,7200
200,0,5448,47,21,180,100,67,7200
203,0,5452,47,21,183,100,67,7200
209,0,5456,47,21,184,100,66,7200
216,0,5460,47,21,186,100,65,7200
220,0,5464,47,21,189,100,65,7200
225,0,5468,47,21,191,100,64,7200
231,0,5472,47,21,191,100,63,7200
234,0,5476,47,21,191,100,63,7200
240,0,5480,47,21,191,100,62,7600
244,0,5484,47,21,186,100,61,7600
249,0,5488,46,21,180,100,61,7600
253,0,5492,46,21,175,100,60,8100
0,0,5496,46,21,173,100,59,8100
2,0,5500,46,21,170,100,59,8100
5,0,5504,46,21,170,100,58,8100
10,0,5508,46,21,170,100,57,8500
13,0,5512,46,21,170,100,57,8500
15,0,5516,46,21,178,100,56,8500
17,0,5520,46,21,186,100,55,8500
18,0,5524,46,21,188,100,55,8500
20,0,5528,46,21,189,100,54,8500
23,0,5532,46,21,189,100,53,8500
28,0,5536,46,21,189,100,53,8500
30,0,5540,46,21,189,100,52,8500
31,0,5544,46,21,184,100,52,8500
32,0,5548,46,21,179,100,52,8500
33,0,5552,46,21,175,100,52,8500
34,0,5556,45,21,175,100,52,8500
37,0,5560,45,21,175,100,52,8500
38,0,5564,44,21,175,100,52,8500
41,0,5568,43,21,175,100,56,8500
42,0,5572,43,21,175,100,56,8500
43,0,5576,42,21,175,100,56,8500
44,0,5580,41,21,177,100,56,8500
46,0,5584,41,21,180,100,64,8500
50,0,5588,40,21,182,100,64,8500
51,0,5592,40,21,186,100,64,8500
52,0,5596,40,21,193,100,64,8500
53,0,5600,40,21,206,100,72,8500
54,0,5604,39,21,212,100,72,8500
55,0,5608,39,21,224,100,80,8500
58,0,5612,39,22,242,100,80,8500
61,0,5616,39,22,256,100,80,8500
62,0,5620,39,22,274,100,80,8500
63,0,5624,39,22,286,100,80,8500
64,0,5628,39,22,299,100,80,8500
65,0,5632,39,22,302,100,80,8500
69,0,5636,39,22,310,100,80,8500
72,0,5640,39,22,317,100,80,8500
74,0,5644,39,22,324,100,80,8500
76,0,5648,39,22,331,100,80,8500
79,0,5652,39,22,338,100,80,8500
82,0,5656,39,22,345,100,80,8500
87,0,5660,39,22,338,100,80,8500
91,0,5664,39,22,337,100,80,8500
93,0,5668,40,22,338,100,80,8500
94,0,5672,40,22,340,100,80,8500
95,0,5676,41,22,345,100,80,8500
97,0,5680,41,23,349,100,80,8500
100,0,5684,42,23,354,100,80,8500
103,0,5688,42,23,1,100,80,8500
104,0,5692,43,23,7,100,80,8500
105,0,5696,43,22,22,100,80,8500
106,0,5700,44,22,32,100,80,8500
107,0,5704,44,22,52,100,80,8500
108,0,5708,44,22,71,100,80,8500
110,0,5712,44,22,91,100,80,8500
114,0,5716,44,22,104,100,80,8500
115,0,5720,44,22,120,100,80,8500
116,0,5724,44,22,128,100,80,8500
117,0,5728,44,22,135,100,80,8500
118,0,5732,44,22,142,100,80,8500
121,0,5736,44,22,149,100,80,8500
124,0,5740,44,22,154,100,80,8500
126,0,5744,44,22,156,100,80,8500
127,0,5748,43,22,156,100,80,8500
129,0,5752,43,21,153,100,80,8500
130,0,5756,42,21,149,100,80,8500
132,0,5760,42,21,142,100,80,8500
135,0,5764,41,20,137,100,88,8500
137,0,5768,41,20,130,100,88,8500
138,0,5772,41,20,124,100,88,8500
139,0,5776,41,20,114,100,88,8500
140,0,5780,41,20,109,100,88,8500
141,0,5784,41,20,105,100,88,8500
144,0,5788,41,20,92,100,88,8500
147,0,5792,41,20,79,100,88,8500
148,0,5796,41,20,59,100,88,8500
149,0,5800,40,20,39,100,88,8500
150,0,5804,40,20,19,100,88,8500
151,0,5808,40,20,7,100,88,8500
153,0,5812,40,20,359,100,88,8500
156,0,5816,40,20,352,100,88,8500
159,0,5820,40,20,341,100,88,8500
160,0,5824,40,20,335,100,88,8500
161,0,5828,40,20,334,100,88,8500
162,0,5832,40,20,334,100,88,8500
163,0,5836,40,20,334,100,88,8500
167,0,5840,40,20,334,100,88,8500
169,0,5844,40,20,334,100,88,8500
170,0,5848,40,20,336,100,88,8500
171,0,5852,41,20,339,100,88,8500
172,0,5856,41,21,345,100,88,8500
173,0,5860,42,21,349,100,88,8500
176,0,5864,43,21,353,100,88,8500
180,0,5868,43,21,353,100,88,8500
181,0,5872,44,21,353,100,88,8500
182,0,5876,44,21,354,100,88,8500
183,0,5880,44,21,356,100,88,8500
184,0,5884,45,21,356,100,88,8500
185,0,5888,45,21,356,100,88,8500
189,0,5892,45,21,356,100,88,8500
191,0,5896,45,21,356,100,88,8500
192,0,5900,45,21,356,100,88,8500
194,0,5904,45,21,356,100,88,8500
195,0,5908,45,21,356,100,88,8500
196,0,5912,45,21,359,100,88,8500
200,0,5916,45,21,359,100,88,8500
202,0,5920,45,21,359,100,88,8500
203,0,5924,45,21,359,100,88,8500
204,0,5928,45,21,359,100,88,8500
205,0,5932,45,21,359,100,88,8500
206,0,5936,45,21,359,100,88,8500
208,0,5940,45,21,359,100,88,8500
212,0,5944,45,21,359,100,88,8500
214,0,5948,45,21,359,100,88,8500
215,0,5952,45,21,359,100,88,8500
216,0,5956,45,21,359,100,88,8500
217,0,5960,45,21,359,100,88,8500
219,0,5964,45,21,359,100,88,8500
223,0,5968,45,21,359,100,88,8500
226,0,5972,46,21,359,100,88,8500
227,0,5976,47,21,356,100,88,8500
228,0,5980,47,21,336,100,88,8500
229,0,5984,47,22,316,100,88,8500
230,0,5988,48,22,296,100,88,8500
234,0,5992,48,22,276,100,88,8500
236,0,5996,48,22,269,100,88,8500
237,0,6000,48,22,269,100,88,8500
238,0,6004,48,22,269,100,88,8500
239,0,6008,48,22,269,100,88,8500
240,0,6012,48,22,269,100,88,8500
244,0,6016,48,23,269,100,88,8500
247,0,6020,48,23,269,100,88,8500
248,0,6024,48,24,269,100,88,8500
249,0,6028,48,25,269,100,88,8500
250,0,6032,48,25,269,100,88,8500
251,0,6036,48,26,269,100,88,8500
253,0,6040,48,27,270,100,88,8500
255,0,6044,48,27,270,100,88,8500
3,0,6048,48,28,271,100,88,8500
4,0,6052,48,28,274,100,88,8500
5,0,6056,48,28,278,100,88,8500
6,0,6060,48,28,280,100,88,8500
7,0,6064,48,28,280,100,88,8500
10,0,6068,48,29,279,100,88,8500
12,0,6072,48,29,278,100,88,8500
15,0,6076,48,29,278,100,88,8500
17,0,6080,48,29,277,100,88,8500
18,0,6084,48,29,277,100,88,8500
19,0,6088,48,29,276,100,88,8500
20,0,6092,48,29,276,100,88,8500
25,0,6096,48,29,276,100,88,8500
27,0,6100,48,29,274,100,88,8500
28,0,6104,48,29,274,100,88,8500
29,0,6108,48,29,274,100,88,8500
30,0,6112,48,29,274,100,88,8500
31,0,6116,48,29,274,100,88,8500
33,0,6120,48,29,274,100,88,8500
37,0,6124,48,29,274,100,88,8500
38,0,6128,48,29,274,100,88,8500
40,0,6132,48,29,274,100,88,8500
42,0,6136,48,29,273,100,88,8500
44,0,6140,48,29,272,100,88,8500
46,0,6144,48,29,270,100,88,8500
50,0,6148,48,29,269,100,88,8500
52,0,6152,48,30,269,100,88,8500
53,0,6156,48,31,269,100,88,8500
54,0,6160,48,31,269,100,88,8500
55,0,6164,48,32,269,100,88,8500
57,0,6168,48,33,269,100,88,8500
61,0,6172,48,33,269,100,88,8500
64,0,6176,48,34,269,100,88,8500
65,0,6180,48,35,269,100,88,8500
67,0,6184,48,35,269,100,88,8500
68,0,6188,48,35,269,100,88,8500
69,0,6192,48,35,269,100,88,8500
71,0,6196,48,35,269,100,88,8500
75,0,6200,48,35,269,100,88,8500
76,0,6204,48,35,269,100,88,8500
77,0,6208,48,35,269,100,88,8500
78,0,6212,48,35,269,100,88,8500
79,0,6216,48,35,269,100,88,8500
80,0,6220,48,35,269,100,88,8500
84,0,6224,48,35,269,100,88,8500
86,0,6228,48,35,269,100,88,8500
87,0,6232,48,35,269,100,88,8500
89,0,6236,48,35,270,100,88,8500
90,0,6240,48,35,273,100,88,8500
91,0,6244,48,35,278,100,88,8500
94,0,6248,48,35,281,100,88,8500
97,0,6252,48,36,282,100,88,8500
98,0,6256,48,36,280,100,88,8500
99,0,6260,48,37,278,100,88,8500
101,0,6264,48,38,276,100,88,8500
102,0,6268,48,38,274,100,88,8500
105,0,6272,48,39,272,100,88,8500
108,0,6276,48,40,270,100,88,8500
109,0,6280,48,40,268,100,88,8500
110,0,6284,48,41,262,100,88,8500
111,0,6288,48,42,257,100,88,8500
112,0,6292,48,42,249,100,88,8500
113,0,6296,47,43,244,100,88,8500
116,0,6300,47,44,238,100,88,8500
120,0,6304,47,44,235,100,88,8500
123,0,6308,47,45,231,100,88,8500
125,0,6312,47,45,227,100,88,8500
127,0,6316,47,45,224,100,88,8500
129,0,6320,47,45,217,100,88,8500
133,0,6324,47,45,211,100,88,8500
135,0,6328,47,45,201,100,88,8500
137,0,6332,47,45,195,100,88,8500
138,0,6336,47,45,193,100,88,8500
139,0,6340,47,46,195,100,88,8500
140,0,6344,47,46,198,100,88,8500
143,0,6348,47,46,202,100,88,8500
146,0,6352,47,46,202,100,88,8500
147,0,6356,47,46,198,100,88,8500
148,0,6360,47,46,193,100,88,8500
149,0,6364,47,46,186,100,88,8500
150,0,6368,47,46,183,100,88,8500
152,0,6372,47,46,183,100,88,8500
154,0,6376,47,46,183,100,88,8500
156,0,6380,47,46,183,100,88,8500
159,0,6384,47,46,183,100,88,8500
160,0,6388,47,46,183,100,88,8500
161,0,6392,47,46,183,100,88,8500
162,0,6396,47,46,183,100,88,8500
165,0,6400,47,46,183,100,88,8500
167,0,6404,47,46,183,100,88,8500
169,0,6408,47,46,183,100,88,8500
170,0,6412,47,46,183,100,88,8500
171,0,6416,46,46,183,100,88,8500
172,0,6420,46,46,185,100,88,8500
174,0,6424,45,46,191,100,88,8500
177,0,6428,45,46,195,100,88,8500
179,0,6432,44,46,204,100,88,8500
180,0,6436,44,47,210,100,88,8500
181,0,6440,44,47,222,100,88,8500
182,0,6444,44,47,230,100,88,8500
183,0,6448,44,47,240,100,88,8500
186,0,6452,44,47,246,100,88,8500
190,0,6456,44,47,251,100,88,8500
191,0,6460,44,47,255,100,88,8500
192,0,6464,44,47,260,100,88,8500
193,0,6468,44,47,264,100,88,8500
194,0,6472,44,47,267,100,88,8500
196,0,6476,44,47,269,100,88,8500
199,0,6480,44,47,269,100,88,8500
201,0,6484,44,47,269,100,88,8500
208,0,6488,44,47,269,100,87,8500
209,0,6492,44,46,269,100,87,8500
212,0,6496,44,46,269,100,86,8500
214,0,6500,44,46,269,100,85,8500
216,0,6504,44,46,270,100,85,8500
218,0,6508,44,46,271,100,84,8500
221,0,6512,44,46,273,100,83,8700
223,0,6516,44,46,273,100,83,8700
224,0,6520,44,46,273,100,82,8700
226,0,6524,44,46,273,100,82,8700
227,0,6528,44,46,273,100,82,8700
229,0,6532,44,46,278,100,82,8700
232,0,6536,44,46,280,100,82,8700
234,0,6540,44,46,281,100,82,8700
235,0,6544,44,46,281,100,82,8700
236,0,6548,44,47,281,100,82,8700
237,0,6552,44,47,281,100,82,8700
240,0,6556,44,47,281,100,82,8700
243,0,6560,44,48,278,100,81,8700
249,0,6564,44,49,269,100,81,8700
253,0,6568,44,49,249,100,80,8700
0,0,6572,44,49,229,100,79,8700
5,0,6576,44,49,209,100,79,8700
10,0,6580,44,49,196,100,78,8700
13,0,6584,44,49,194,100,77,8700
17,0,6588,44,49,194,100,77,8700
20,0,6592,44,49,194,100,76,8800
22,0,6596,44,49,188,100,75,8800
24,0,6600,44,49,183,100,75,8800
30,0,6604,44,49,182,100,74,8800
34,0,6608,45,49,182,100,73,8900
36,0,6612,45,49,177,100,73,8900
39,0,6616,45,49,176,100,72,8900
43,0,6620,45,49,176,100,71,8900
46,0,6624,45,49,176,100,71,8900
50,0,6628,45,49,176,100,70,8900
55,0,6632,45,49,176,100,69,8900
58,0,6636,45,49,176,100,69,8900
61,0,6640,44,49,176,100,68,8900
63,0,6644,44,49,176,100,67,9400
64,0,6648,44,49,176,100,67,9400
66,0,6652,43,49,176,100,66,9400
68,0,6656,42,49,176,100,70,9400
69,0,6660,42,49,176,100,70,9400
72,0,6664,41,49,176,100,70,9400
73,0,6668,41,49,176,100,70,9400
74,0,6672,41,49,177,100,74,9400
75,0,6676,40,49,182,100,74,9400
77,0,6680,40,49,188,100,74,9400
81,0,6684,40,49,196,100,74,9400
82,0,6688,40,49,198,100,74,9400
84,0,6692,40,49,203,100,74,9400
85,0,6696,41,49,210,100,74,9400
86,0,6700,41,49,223,100,74,9400
88,0,6704,41,49,231,100,74,9400
90,0,6708,41,49,232,100,74,9400
93,0,6712,40,49,234,100,78,9400
94,0,6716,40,50,237,100,78,9400
95,0,6720,40,50,240,100,78,9400
97,0,6724,40,50,240,100,78,9400
98,0,6728,40,50,229,100,78,9400
100,0,6732,40,50,216,100,78,9400
103,0,6736,40,50,196,100,78,9400
105,0,6740,40,50,187,100,78,9400
106,0,6744,40,50,185,100,78,9400
107,0,6748,39,50,184,100,78,9400
108,0,6752,38,50,182,100,78,9400
111,0,6756,38,50,181,100,78,9400
112,0,6760,37,50,181,100,78,9400
115,0,6764,36,50,181,100,78,9400
116,0,6768,36,50,180,100,78,9400
117,0,6772,36,50,180,100,78,9400
118,0,6776,36,50,180,100,78,9400
119,0,6780,36,50,180,100,78,9400
121,0,6784,36,50,180,100,78,9400
129,0,6788,36,50,180,100,77,9400
130,0,6792,36,50,180,100,77,9400
132,0,6796,36,50,179,100,76,9400
135,0,6800,36,50,173,100,75,9400
136,0,6804,37,50,174,100,75,9400
140,0,6808,37,50,174,100,74,9800
144,0,6812,37,50,174,100,73,10000
147,0,6816,37,50,174,100,73,10000
148,0,6820,37,50,174,100,72,10000
149,0,6824,37,50,174,100,71,10000
150,0,6828,37,50,174,100,71,10000
154,0,6832,36,50,174,100,70,10000
156,0,6836,36,50,173,100,69,10000
162,0,6840,36,50,172,100,69,10000
164,0,6844,36,50,171,100,68,10000
167,0,6848,35,50,168,100,67,10000
170,0,6852,35,50,165,100,67,10000
173,0,6856,35,50,161,100,66,10400
178,0,6860,35,50,161,100,65,10400
181,0,6864,35,50,161,100,65,10400
184,0,6868,35,50,162,100,64,10400
186,0,6872,35,50,166,100,63,10400
188,0,6876,35,50,170,100,63,10400
189,0,6880,35,50,175,100,62,10400
190,0,6884,35,50,177,100,61,10400
193,0,6888,35,50,177,100,61,10400
196,0,6892,35,50,177,100,60,10400
197,0,6896,35,50,178,100,60,10400
200,0,6900,35,50,191,85,60,10400
201,0,6904,35,50,198,85,60,10400
204,0,6908,35,50,202,85,60,10400
207,0,6912,35,50,202,85,59,10400
209,0,6916,35,50,202,85,59,10400
215,0,6920,35,50,202,85,58,10400
218,0,6924,35,50,202,85,57,10400
219,0,6928,35,50,202,85,57,10400
222,0,6932,35,50,202,85,56,10900
224,0,6936,35,50,202,85,55,10900
227,0,6940,35,50,210,85,55,10900
230,0,6944,35,50,215,85,54,10900
232,0,6948,35,50,215,85,53,11000
234,0,6952,35,50,215,85,53,11000
235,0,6956,35,50,208,85,52,11000
237,0,6960,35,50,202,85,51,11000
241,0,6964,35,50,201,85,51,11000
242,0,6968,35,50,201,85,50,11000
245,0,6972,35,50,200,85,50,11000
247,0,6976,35,50,198,85,58,11000
248,0,6980,35,50,195,85,58,11000
250,0,6984,34,50,191,85,58,11000
251,0,6988,34,50,190,85,62,11000
252,0,6992,33,50,194,85,62,11000
255,0,6996,33,51,202,85,62,11000
3,0,7000,33,51,214,85,66,11000
4,0,7004,33,50,234,85,66,11000
5,0,7008,33,50,246,85,66,11000
7,0,7012,33,50,249,85,66,11000
9,0,7016,33,50,249,85,66,11000
11,0,7020,33,51,250,85,66,11000
14,0,7024,33,51,250,85,66,11000
15,0,7028,33,51,249,85,66,11000
16,0,7032,33,50,240,85,66,11000
18,0,7036,34,50,227,85,66,11000
19,0,7040,34,49,207,85,66,11000
21,0,7044,34,49,187,85,66,11000
24,0,7048,34,49,167,85,66,11000
25,0,7052,34,49,156,85,66,11000
27,0,7056,34,49,154,85,66,11000
29,0,7060,34,49,154,85,66,11000
32,0,7064,33,49,154,85,66,11000
35,0,7068,33,49,159,85,66,11000
37,0,7072,33,49,168,85,66,11000
39,0,7076,32,49,185,85,66,11000
41,0,7080,32,49,195,85,66,11000
44,0,7084,32,49,204,85,66,11000
47,0,7088,32,49,207,85,66,11000
48,0,7092,31,50,207,85,66,11000
50,0,7096,31,50,205,85,66,11000
51,0,7100,30,50,199,85,66,11000
52,0,7104,30,50,188,85,66,11000
54,0,7108,30,50,179,85,66,11000
56,0,7112,30,50,173,85,66,11000
59,0,7116,30,50,173,85,66,11000
60,0,7120,30,50,173,85,66,11000
61,0,7124,30,50,174,85,66,11000
65,0,7128,30,50,177,85,66,11000
69,0,7132,31,50,177,85,66,11000
71,0,7136,31,50,177,85,65,11000
73,0,7140,31,50,177,85,65,11000
77,0,7144,31,50,177,85,64,11100
81,0,7148,31,50,177,85,63,11300
82,0,7152,31,50,180,85,63,11300
87,0,7156,31,50,180,85,62,11300
90,0,7160,31,50,180,85,61,11300
94,0,7164,31,50,180,85,61,11300
98,0,7168,31,50,180,85,60,11300
102,0,7172,31,50,180,85,59,11300
104,0,7176,31,50,180,85,59,11300
108,0,7180,31,50,180,85,58,11300
113,0,7184,31,50,180,85,57,11300
115,0,7188,31,50,180,85,57,11300
119,0,7192,31,50,180,85,56,11300
122,0,7196,30,50,180,85,55,11300
124,0,7200,29,50,180,85,55,11300
127,0,7204,28,50,180,85,54,11300
129,0,7208,28,50,180,85,54,11300
132,0,7212,27,50,180,85,54,11300
137,0,7216,26,50,180,85,54,11300
140,0,7220,26,50,179,85,58,11300
142,0,7224,25,50,179,85,58,11300
144,0,7228,25,50,179,85,58,11300
147,0,7232,25,50,179,85,58,11300
150,0,7236,25,50,175,85,58,11300
153,0,7240,25,50,171,85,57,11400
156,0,7244,25,50,164,85,57,11400
159,0,7248,25,50,161,85,56,11400
161,0,7252,25,50,156,85,55,11400
162,0,7256,25,50,152,85,55,11400
165,0,7260,25,50,152,85,54,11900
167,0,7264,25,50,152,85,53,11900
170,0,7268,25,50,152,85,53,11900
171,0,7272,25,50,152,85,52,11900
172,0,7276,25,50,153,85,51,11900
174,0,7280,25,50,155,85,51,11900
175,0,7284,24,50,158,85,50,11900
176,0,7288,24,50,158,85,50,11900
180,0,7292,24,50,154,85,50,11900
183,0,7296,24,50,145,85,54,11900
185,0,7300,24,50,131,85,54,11900
186,0,7304,24,49,132,85,54,11900
188,0,7308,24,49,139,85,54,11900
191,0,7312,24,49,156,85,54,11900
194,0,7316,24,49,170,85,54,11900
196,0,7320,24,49,188,85,54,11900
197,0,7324,24,49,196,85,54,11900
198,0,7328,23,49,199,85,54,11900
199,0,7332,23,50,198,85,54,11900
201,0,7336,22,50,196,85,58,11900
204,0,7340,22,50,189,85,58,11900
207,0,7344,21,50,182,85,58,11900
208,0,7348,21,50,164,85,58,11900
209,0,7352,21,49,153,85,58,11900
210,0,7356,20,49,136,85,58,11900
214,0,7360,20,49,127,85,58,11900
215,0,7364,20,49,116,85,58,11900
217,0,7368,20,49,109,85,58,11900
219,0,7372,20,49,98,85,58,11900
220,0,7376,20,49,81,85,58,11900
221,0,7380,20,49,71,85,58,11900
223,0,7384,20,49,64,85,58,11900
226,0,7388,20,49,64,85,58,11900
229,0,7392,20,49,65,85,58,11900
234,0,7396,20,49,65,85,58,11900
236,0,7400,20,49,65,85,58,11900
238,0,7404,20,49,65,85,58,11900
239,0,7408,20,49,65,85,58,11900
241,0,7412,20,49,65,85,58,11900
246,0,7416,20,49,73,85,58,11900
249,0,7420,20,49,86,85,57,11900
251,0,7424,20,49,89,85,57,11900
253,0,7428,20,49,89,85,56,12100
0,0,7432,20,49,89,85,55,12100
3,0,7436,20,49,89,85,55,12100
8,0,7440,20,49,89,85,54,12300
10,0,7444,20,48,89,85,53,12400
15,0,7448,20,48,89,85,53,12400
20,0,7452,20,48,91,85,52,12400
25,0,7456,20,47,98,85,51,12400
28,0,7460,20,47,104,85,51,12400
34,0,7464,20,47,104,85,50,12600
38,0,7468,20,47,104,85,49,12600
41,0,7472,20,47,103,85,49,12600
46,0,7476,20,47,101,35,48,12600
49,0,7480,20,47,81,35,47,12600
53,0,7484,20,47,62,35,47,12600
56,0,7488,20,47,50,35,46,12600
60,0,7492,20,47,30,35,45,12600
65,0,7496,20,47,10,11,45,12600
70,0,7500,20,47,7,11,44,12600
75,0,7504,20,47,7,11,43,12600
79,0,7508,20,47,13,11,43,12600
83,0,7512,20,47,25,11,42,12600
85,0,7516,20,47,38,11,41,12600
87,0,7520,20,47,42,11,41,12600
92,0,7524,20,47,43,11,40,13000
95,0,7528,20,47,43,11,39,13000
98,0,7532,20,47,41,11,39,13000
104,0,7536,20,47,29,3,38,13000
107,0,7540,20,47,18,3,37,13000
111,0,7544,20,47,18,3,37,13000
116,0,7548,20,47,20,3,36,13000
119,0,7552,20,47,29,3,35,13000
123,0,7556,20,47,31,3,35,13000
125,0,7560,20,47,24,3,34,13000
127,0,7564,20,47,15,3,33,13000
131,0,7568,20,47,10,3,33,13000
133,0,7572,20,47,7,3,32,13200
136,0,7576,20,47,6,3,31,13600
138,0,7580,20,47,6,3,31,13600
141,0,7584,20,47,9,3,30,13600
144,0,7588,20,47,22,3,29,13600
145,0,7592,20,47,27,3,29,13600
149,2,7596,20,47,32,0,28,13600
